Timestamp,F_plus_000TA_KaS-o-_Avg1,F_plus_000S_KaS-o-_Avg1,E_plus_040TI_HSS-u-_Avg,E_plus_040TU_HS--o-_Avg1,E_plus_040TU_HSN-m-_Avg1,E_plus_040TU_HSS-m-_Avg1,E_plus_040TU_HS--u-_Avg1
2023-07-28 07:35:00+00:00,20.013387203216553,591.3258688598871,20.59105157852173,19.392005920410156,19.497650146484375,19.504919052124023,20.25054168701172
2023-07-28 08:10:00+00:00,20.318627059459686,374.37473098095506,20.596056878566742,19.387535095214844,19.498069763183594,19.5235595703125,20.24013614654541
2023-07-28 08:45:00+00:00,21.012475788593292,318.04591462528333,20.5902498960495,19.406503200531006,19.505959033966064,19.58475685119629,20.22388219833374
2023-07-28 09:20:00+00:00,21.501176754633587,554.7734879348427,20.585712989171345,19.466908137003582,19.51996612548828,19.655115763346355,20.209971745808918
2023-07-28 09:55:00+00:00,21.623902718226116,247.5617186045274,20.59773325920105,19.552602132161457,19.537331263224285,19.725348154703777,20.19830894470215
2023-07-28 10:30:00+00:00,21.677991449832916,409.7848815936595,20.62011629343033,19.694225788116455,19.565381050109863,19.827273845672607,20.18501853942871
2023-07-28 11:05:00+00:00,21.638140281041462,338.6175897717476,20.638751188913982,19.8753236134847,19.598416646321613,19.933270772298176,20.172016143798828
2023-07-28 11:40:00+00:00,21.46891623735428,161.35726663540117,20.687327980995178,20.08293104171753,19.635817050933838,20.042997360229492,20.15958547592163
2023-07-28 12:15:00+00:00,21.438395182291668,167.1289521139115,20.76573093732198,20.306355158487957,19.676021575927734,20.14867909749349,20.147754669189453
2023-07-28 12:50:00+00:00,21.35047435760498,116.1651874379022,20.84022283554077,20.5312762260437,19.716665744781494,20.23893976211548,20.136810302734375
2023-07-28 13:25:00+00:00,20.92540780703227,76.35885659046471,20.914764404296875,20.741389592488606,19.7569096883138,20.31720542907715,20.12700080871582
2023-07-28 14:00:00+00:00,19.44346398115158,77.3344869534485,21.000642776489258,20.92555856704712,19.79600238800049,20.3839111328125,20.118408679962158
2023-07-28 14:35:00+00:00,19.10580664873123,88.43845554837026,21.09211504459381,21.099735260009766,19.83730697631836,20.439850330352783,20.11049222946167
2023-07-28 15:10:00+00:00,19.0960955619812,89.3223473536782,21.162731647491455,21.21827570597331,19.868034998575848,20.469755172729492,20.105267842610676
2023-07-28 15:45:00+00:00,19.208911259969074,70.96661323774606,21.204190651575725,21.291515350341797,19.890400568644207,20.486878712972004,20.102448145548504
2023-07-28 16:20:00+00:00,19.15086030960083,68.5549945961684,21.266656816005707,21.34734869003296,19.913198471069336,20.503183841705322,20.10091257095337
2023-07-28 16:55:00+00:00,19.285749594370525,88.5204784409143,21.30516489346822,21.37916882832845,19.93399429321289,20.516600290934246,20.101043065388996
2023-07-28 17:30:00+00:00,19.237056076526642,55.82155614491785,21.33322775363922,21.389887809753418,19.95259380340576,20.526686668395996,20.10284662246704
2023-07-28 18:05:00+00:00,19.093910058339436,31.544514133245684,21.372522115707397,21.387516657511394,19.96946144104004,20.534169514973957,20.106049219767254
2023-07-28 18:40:00+00:00,19.122752249240875,17.621421743751853,21.398324966430664,21.374982833862305,19.98430299758911,20.53624963760376,20.11041784286499
2023-07-28 19:15:00+00:00,19.076315760612488,1.188972202303603,21.376543939113617,21.350027561187744,19.999446392059326,20.532814502716064,20.116419315338135
2023-07-28 19:50:00+00:00,19.088668823242188,0.09238622631210092,21.403409242630005,21.31805928548177,20.011205037434895,20.525929133097332,20.122419357299805
2023-07-28 20:25:00+00:00,19.111358324686687,0.08924798716361693,21.413385073343914,21.282187779744465,20.019922892252605,20.516753514607746,20.12827491760254
2023-07-28 21:00:00+00:00,19.033771455287933,0.08951011865508463,21.417873799800873,21.231011390686035,20.028751850128174,20.502734184265137,20.135672092437744
2023-07-28 21:35:00+00:00,18.956880966822307,0.08954492474776998,21.428969701131184,21.171197255452473,20.036031087239582,20.485785166422527,20.143388112386067
2023-07-28 22:10:00+00:00,18.544542491436005,0.08793585212777089,21.450367271900177,21.103578567504883,20.041699409484863,20.465802669525146,20.15142297744751
2023-07-28 22:45:00+00:00,18.464930057525635,0.08681751576477836,21.3739009698232,21.0308100382487,20.04556655883789,20.442225138346355,20.159507751464844
2023-07-28 23:20:00+00:00,18.48562926054001,0.08693177036923316,21.344381272792816,20.953131675720215,20.04700756072998,20.414209365844727,20.16759157180786
2023-07-28 23:55:00+00:00,18.634334405263264,0.08681961473439515,21.35316054026286,20.87248166402181,20.046605428059895,20.384543736775715,20.175535202026367
2023-07-29 00:30:00+00:00,18.693452775478363,0.08650368540668296,21.390792429447174,20.790512561798096,20.04495668411255,20.355283737182617,20.183254718780518
2023-07-29 01:05:00+00:00,18.72751086950302,0.08725150558097994,21.328904926776886,20.697365283966064,20.042555809020996,20.325722694396973,20.191736698150635
2023-07-29 01:40:00+00:00,18.6808439095815,0.08655102088459898,21.314624150594074,20.6190185546875,20.04002316792806,20.302170435587566,20.19881248474121
2023-07-29 02:15:00+00:00,18.450960715611775,0.08667318484776843,21.30379597345988,20.555522918701172,20.037765502929688,20.283655802408855,20.204491933186848
2023-07-29 02:50:00+00:00,18.191922903060913,0.09493350831871794,21.258356869220734,20.48644256591797,20.03450918197632,20.26223659515381,20.210725784301758
2023-07-29 03:25:00+00:00,18.01901380221049,0.5354187902175909,21.232709487279255,20.421743392944336,20.0300235748291,20.23848533630371,20.216456095377605
2023-07-29 04:00:00+00:00,18.105435073375702,9.211754168896732,21.30354017019272,20.358941555023193,20.024291038513184,20.213013648986816,20.221477508544922
2023-07-29 04:35:00+00:00,18.15565546353658,46.25360787170939,21.25044584274292,20.297595977783203,20.017590204874676,20.1862055460612,20.225863138834637
2023-07-29 05:10:00+00:00,18.236195743083954,53.384560528211296,21.162901520729065,20.239129543304443,20.010077476501465,20.15973997116089,20.229548931121826
2023-07-29 05:45:00+00:00,18.564617335796356,74.64808373793494,21.15516632795334,20.177528858184814,20.001247882843018,20.13556146621704,20.23314905166626
2023-07-29 06:20:00+00:00,18.890668153762817,59.8661571778357,21.171221335728962,20.13131841023763,19.993457794189453,20.119780858357746,20.235710779825848
2023-07-29 06:55:00+00:00,19.33624267578125,97.6805345644243,21.20813051859538,20.09886105855306,19.987830479939777,20.11145083109538,20.237497329711914
2023-07-29 07:30:00+00:00,19.228312075138092,67.42304328532191,21.204046607017517,20.07061243057251,19.983200073242188,20.10977554321289,20.239109992980957
2023-07-29 08:05:00+00:00,18.17662437756856,263.28418764006346,21.19619568188985,20.052128473917644,19.980679829915363,20.116156895955402,20.240149180094402
2023-07-29 08:40:00+00:00,19.322687089443207,445.717034496367,21.184512674808502,20.0429048538208,19.97797155380249,20.12245225906372,20.240631103515625
2023-07-29 09:15:00+00:00,20.681930780410767,583.2332029044628,21.170494159062702,20.041216532389324,19.975325266520183,20.139123280843098,20.24059295654297
2023-07-29 09:50:00+00:00,21.84394270181656,613.5656302208081,21.193727552890778,20.061707973480225,19.977426528930664,20.182962894439697,20.240001678466797
2023-07-29 10:25:00+00:00,23.291640679041546,836.3407367840409,21.177489757537842,20.113272349039715,19.988869349161785,20.254749933878582,20.238963445027668
2023-07-29 11:00:00+00:00,24.033109545707703,696.4897580612451,21.18466019630432,20.21883201599121,20.01262092590332,20.355031967163086,20.237748622894287
2023-07-29 11:35:00+00:00,24.822802543640137,802.7660372424871,21.21496021747589,20.42922592163086,20.054434299468994,20.49907398223877,20.23597812652588
2023-07-29 12:10:00+00:00,25.185673634211224,825.814860329032,21.250664393107098,20.696956634521484,20.102923075358074,20.6444517771403,20.23429298400879
2023-07-29 12:45:00+00:00,25.429937442143757,811.023717418313,21.26270850499471,20.984594980875652,20.152746836344402,20.77704620361328,20.232905705769856
2023-07-29 13:20:00+00:00,25.377180874347687,733.2583035891876,21.31434053182602,21.374050617218018,20.219911575317383,20.937835216522217,20.231438636779785
2023-07-29 13:55:00+00:00,25.300031105677288,572.8305346816778,21.413575808207195,21.799631118774414,20.29372787475586,21.10115623474121,20.230161666870117
2023-07-29 14:30:00+00:00,25.348755419254303,464.6465251590125,21.523357629776,22.25005531311035,20.372745990753174,21.26391839981079,20.229580879211426
2023-07-29 15:05:00+00:00,25.161704619725544,235.46271403692663,21.624619960784912,22.70750617980957,20.454998016357422,21.420920689900715,20.230105717976887
2023-07-29 15:40:00+00:00,25.441157519817352,271.07386418175884,21.792053878307343,23.142303466796875,20.53936243057251,21.56973934173584,20.232287406921387
2023-07-29 16:15:00+00:00,25.904163420200348,287.0969719947316,21.9407257437706,23.57529640197754,20.634445667266846,21.72434139251709,20.237204551696777
2023-07-29 16:50:00+00:00,25.980348587036133,218.6623474219814,22.053574721018474,23.87799898783366,20.716773986816406,21.849640528361004,20.24391237894694
2023-07-29 17:25:00+00:00,25.139368772506714,132.32974998978898,22.12871829668681,24.082207997639973,20.788337071736652,21.95389175415039,20.251841862996418
2023-07-29 18:00:00+00:00,24.401233792304993,78.04609903693199,22.229641377925873,24.270647525787354,20.872071743011475,22.068583011627197,20.263461589813232
2023-07-29 18:35:00+00:00,23.581267595291138,26.69848283508327,22.343012889226276,24.421441396077473,20.95343589782715,22.16705258687337,20.277567545572918
2023-07-29 19:10:00+00:00,22.766408026218414,2.413494262043514,22.451999485492706,24.53607177734375,21.028834342956543,22.24186611175537,20.294311046600342
2023-07-29 19:45:00+00:00,22.196194728215534,0.09910462617153826,22.56415804227193,24.617472330729168,21.096593221028645,22.293923060099285,20.313499450683594
2023-07-29 20:20:00+00:00,21.82177722454071,0.07813114077634964,22.641333639621735,24.662224292755127,21.15535879135132,22.323345184326172,20.33509874343872
2023-07-29 20:55:00+00:00,21.575440168380737,0.07781560295779855,22.7268389860789,24.674824396769207,21.20690663655599,22.336421966552734,20.358795801798504
2023-07-29 21:30:00+00:00,21.295875012874603,0.0770447880362326,22.79616415500641,24.656230449676514,21.251625061035156,22.336535453796387,20.3845796585083
2023-07-29 22:05:00+00:00,21.013760268688202,0.07547730985186263,22.857351303100586,24.606783866882324,21.295804977416992,22.327112674713135,20.416117668151855
2023-07-29 22:40:00+00:00,20.483139355977375,0.07436376770147035,22.900266647338867,24.545754114786785,21.32930564880371,22.31317075093587,20.445285161336262
2023-07-29 23:15:00+00:00,19.758221705754597,0.07354420634010239,22.925397952397663,24.484151204427082,21.354317982991535,22.296309153238933,20.471293767293293
2023-07-29 23:50:00+00:00,19.156787991523743,0.07368226983430759,22.93993055820465,24.40294361114502,21.378036499023438,22.26747465133667,20.50252914428711
2023-07-30 00:25:00+00:00,18.93450935681661,0.07239202054279303,22.964850266774494,24.310091018676758,21.395065943400066,22.226776123046875,20.534393946329754
2023-07-30 01:00:00+00:00,18.61687272787094,0.07384724425946843,22.965980768203735,24.20456886291504,21.404160022735596,22.172768592834473,20.566649913787842
2023-07-30 01:35:00+00:00,18.184728622436523,0.0745638665594015,22.95378565788269,24.091028213500977,21.40707015991211,22.111228942871094,20.599014282226562
2023-07-30 02:10:00+00:00,18.36575984954834,0.07345596607240168,22.910032868385315,23.970387935638428,21.404340744018555,22.044463634490967,20.63124990463257
2023-07-30 02:45:00+00:00,18.32713156938553,0.07725814250977692,22.8547003865242,23.82390260696411,21.396180629730225,21.965795516967773,20.667704105377197
2023-07-30 03:20:00+00:00,18.207509517669678,0.35651171052177233,22.81059741973877,23.68971316019694,21.38727633158366,21.9008363087972,20.698970794677734
2023-07-30 03:55:00+00:00,18.22123448053996,5.904735392672592,22.81011462211609,23.572189966837566,21.378807703653973,21.848195393880207,20.725200017293293
2023-07-30 04:30:00+00:00,18.150190711021423,21.64373835042352,22.749714255332947,23.43399477005005,21.36736249923706,21.78767681121826,20.754737377166748
2023-07-30 05:05:00+00:00,18.229503631591797,53.61844212957658,22.698904275894165,23.29577573140462,21.35434850056966,21.72894541422526,20.783257802327473
2023-07-30 05:40:00+00:00,18.847945034503937,164.0051342889201,22.707232534885406,23.15933132171631,21.339812755584717,21.673713207244873,20.810316562652588
2023-07-30 06:15:00+00:00,19.377628167470295,216.1246622102335,22.694783608118694,23.027339935302734,21.32576624552409,21.62606366475423,20.835989634195965
2023-07-30 06:50:00+00:00,19.67043101787567,227.59235766367055,22.64904499053955,22.90641498565674,21.314574241638184,21.59270668029785,20.860186100006104
2023-07-30 07:25:00+00:00,20.387098391850788,222.4541451819241,22.681903044382732,22.804192225138348,21.306076685587566,21.572667439778645,20.883039474487305
2023-07-30 08:00:00+00:00,21.06782615184784,496.11363883316517,22.67166793346405,22.725563526153564,21.300642013549805,21.566821098327637,20.904250144958496
2023-07-30 08:35:00+00:00,21.308220624923706,547.8683227286674,22.6291161775589,22.660945892333984,21.29997205734253,21.5835599899292,20.92691421508789
2023-07-30 09:10:00+00:00,21.50937835375468,422.7990418765694,22.594051758448284,22.637476603190105,21.30567741394043,21.62308692932129,20.945262273152668
2023-07-30 09:45:00+00:00,20.29827157656352,513.4790840987116,22.523986498514812,22.656670888264973,21.315373102823894,21.673487345377605,20.95990053812663
2023-07-30 10:20:00+00:00,21.52067095041275,806.3724008873105,22.534092962741852,22.73110580444336,21.328673362731934,21.739440441131592,20.975497245788574
2023-07-30 10:55:00+00:00,20.944054126739502,449.70965398103,22.546552817026775,22.848609924316406,21.343247095743816,21.80906105041504,20.989708582560223
2023-07-30 11:30:00+00:00,20.605536997318268,390.8287869170308,22.532532811164856,23.017868518829346,21.36188554763794,21.884182453155518,21.00280237197876
2023-07-30 12:05:00+00:00,20.769013166427612,447.0743021797389,22.57057746251424,23.232383092244465,21.380618413289387,21.95212237040202,21.014917373657227
2023-07-30 12:40:00+00:00,20.997845828533173,418.9062137240544,22.606143057346344,23.464805126190186,21.397414684295654,22.01404571533203,21.026288509368896
2023-07-30 13:15:00+00:00,21.085881888866425,384.26976017374545,22.63800472021103,23.72844171524048,21.416500091552734,22.08418846130371,21.038909912109375
2023-07-30 13:50:00+00:00,21.320242881774902,481.1853583250195,22.685844898223877,23.95172373453776,21.43438657124837,22.14220682779948,21.04979960123698
2023-07-30 14:25:00+00:00,21.602625846862793,504.91723024472594,22.719881137212116,24.13170051574707,21.450944900512695,22.189682642618816,21.059429168701172
2023-07-30 15:00:00+00:00,21.97039544582367,552.890281596221,22.77477651834488,24.328474521636963,21.4721040725708,22.242103099822998,21.071012496948242
2023-07-30 15:35:00+00:00,22.1906316280365,482.4978945851326,22.819228172302246,24.512149175008137,21.4957332611084,22.292226791381836,21.083180109659832
2023-07-30 16:10:00+00:00,22.013947069644928,313.3508865474723,22.87393480539322,24.668450832366943,21.522099018096924,22.33718252182007,21.096102237701416
2023-07-30 16:45:00+00:00,21.800968249638874,246.4902623500675,22.913715442021687,24.787865956624348,21.550594329833984,22.3737735748291,21.10974057515462
2023-07-30 17:20:00+00:00,21.576924324035645,136.27758549177088,22.953875064849854,24.8630633354187,21.579480171203613,22.39865255355835,21.12419366836548
2023-07-30 17:55:00+00:00,21.398611068725586,68.95212240843102,22.98447807629903,24.903744379679363,21.607014973958332,22.41455014546712,21.139354705810547
2023-07-30 18:30:00+00:00,20.93032866716385,25.571446529153036,23.00936996936798,24.917606353759766,21.632332801818848,22.420770168304443,21.155395030975342
2023-07-30 19:05:00+00:00,19.95434731245041,1.897237003680175,23.030559420585632,24.909070014953613,21.657649993896484,22.414576053619385,21.174682140350342
2023-07-30 19:40:00+00:00,19.512604872385662,0.08510412970599646,23.05626392364502,24.879941940307617,21.675221761067707,22.394681930541992,21.19232686360677
2023-07-30 20:15:00+00:00,19.476005633672077,0.07489767698962169,23.065369526545208,24.83710225423177,21.68544324239095,22.36488151550293,21.20785967508952
2023-07-30 20:50:00+00:00,19.375523626804352,0.07331307341917181,23.08353900909424,24.766613006591797,21.691964626312256,22.318788528442383,21.226541996002197
2023-07-30 21:25:00+00:00,19.38339591026306,0.07208379963185507,23.09615731239319,24.678538004557293,21.694517771402996,22.26671600341797,21.24548848470052
2023-07-30 22:00:00+00:00,19.352140724658966,0.07052432254056384,23.07801365852356,24.576685905456543,21.69328784942627,22.211402893066406,21.264710903167725
2023-07-30 22:35:00+00:00,19.070078134536743,0.07348870486566739,23.068443139394123,24.46746889750163,21.688863118489582,22.154483795166016,21.284053166707356
2023-07-30 23:10:00+00:00,19.04009997844696,0.07567531192432853,23.047342598438263,24.353110313415527,21.681658267974854,22.096514225006104,21.303324222564697
2023-07-30 23:45:00+00:00,18.917295038700104,0.07420899872431619,23.020206093788147,24.218032360076904,21.670031547546387,22.027538299560547,21.324923038482666
2023-07-31 00:20:00+00:00,18.58672817548116,0.07498296155426942,22.96148459116618,24.09699249267578,21.65715154012044,21.965740203857422,21.34332529703776
2023-07-31 00:55:00+00:00,18.295305172602337,0.0755200203889217,22.93238361676534,23.99211057027181,21.644328435262043,21.912282307942707,21.35862986246745
2023-07-31 01:30:00+00:00,17.922006249427795,0.07477633481346402,22.927643060684204,23.86863613128662,21.627628803253174,21.849303722381592,21.375530242919922
2023-07-31 02:05:00+00:00,17.7958877881368,0.07498689957947136,22.867380777994793,23.74429448445638,21.608118693033855,21.782691955566406,21.39150555928548
2023-07-31 02:40:00+00:00,17.745756804943085,0.0766136561823032,22.82845050096512,23.619354248046875,21.585182666778564,21.71203088760376,21.40645742416382
2023-07-31 03:15:00+00:00,17.600823640823364,0.1425169267477031,22.796924114227295,23.49450937906901,21.559656778971355,21.64024543762207,21.420270284016926
2023-07-31 03:50:00+00:00,17.383330762386322,4.366733617431237,22.75786966085434,23.37022066116333,21.532411575317383,21.568819522857666,21.432677268981934
2023-07-31 04:25:00+00:00,17.265138228734333,29.436335574486293,22.697547276814777,23.246890385945637,21.50277837117513,21.495712280273438,21.443866729736328
2023-07-31 05:00:00+00:00,17.59640395641327,66.03394304373069,22.65548825263977,23.124995708465576,21.469536781311035,21.419606685638428,21.453766345977783
2023-07-31 05:35:00+00:00,17.776402533054352,167.13169974158518,22.572277188301086,22.988603115081787,21.4294376373291,21.336016178131104,21.46355676651001
2023-07-31 06:10:00+00:00,18.116083939870197,280.05928994715214,22.50653823216756,22.874006271362305,21.39488347371419,21.274402618408203,21.470665613810223
2023-07-31 06:45:00+00:00,18.479739824930828,329.60572885349393,22.46089498202006,22.78388214111328,21.366981506347656,21.236353556315105,21.475542704264324
2023-07-31 07:20:00+00:00,19.025605618953705,546.8584102028981,22.41186171770096,22.699087619781494,21.33809518814087,21.215222358703613,21.479707717895508
2023-07-31 07:55:00+00:00,19.159594376881916,462.4417558014393,22.369463443756104,22.645450592041016,21.314097722371418,21.218193689982098,21.482407251993816
2023-07-31 08:30:00+00:00,19.954870343208313,598.9497137144208,22.35917717218399,22.64007806777954,21.295973300933838,21.250633716583252,21.48359441757202
2023-07-31 09:05:00+00:00,21.158082485198975,525.8052303604782,22.420469125111897,22.688535690307617,21.282738367716473,21.30482292175293,21.483627955118816
2023-07-31 09:40:00+00:00,21.308782398700714,425.65713156340644,22.428555488586426,22.793471813201904,21.278567790985107,21.378675937652588,21.48254108428955
2023-07-31 10:15:00+00:00,21.721268892288208,356.5508937458508,22.44000554084778,22.968624591827393,21.284503936767578,21.47020196914673,21.48033618927002
2023-07-31 10:50:00+00:00,21.774750153223675,268.8914773100987,22.46049364407857,23.15420659383138,21.29715347290039,21.5544490814209,21.477785110473633
2023-07-31 11:25:00+00:00,21.563260952631634,223.56867779698223,22.4845818678538,23.323265075683594,21.312578201293945,21.627859115600586,21.475210825602215
2023-07-31 12:00:00+00:00,22.05584615468979,397.06064132088795,22.522017061710358,23.515004634857178,21.333324909210205,21.70310688018799,21.472030639648438
2023-07-31 12:35:00+00:00,22.37264633178711,595.23975209333,22.57913867632548,23.684165954589844,21.35602378845215,21.767463048299152,21.468931833902996
2023-07-31 13:10:00+00:00,22.99290269613266,544.1391042298637,22.63134092092514,23.830925464630127,21.383272171020508,21.837469577789307,21.46625804901123
2023-07-31 13:45:00+00:00,22.45600938796997,267.0307216728106,22.66917546590169,23.97680918375651,21.416152318318684,21.9213924407959,21.46417172749837
2023-07-31 14:20:00+00:00,22.357670664787292,275.3292550574988,22.723093330860138,24.144320487976074,21.454280853271484,22.009841442108154,21.46289873123169
2023-07-31 14:55:00+00:00,22.298688888549805,215.56367201171815,22.780093749364216,24.325103123982746,21.49359703063965,22.089221318562824,21.46255111694336
2023-07-31 15:30:00+00:00,22.348747849464417,219.12460194993764,22.830319106578827,24.49941921234131,21.532284259796143,22.15949249267578,21.463376998901367
2023-07-31 16:05:00+00:00,21.98110044002533,58.672130113933235,22.882641553878784,24.677124977111816,21.574880123138428,22.228373050689697,21.465703010559082
2023-07-31 16:40:00+00:00,20.658132632573444,36.23195855738595,22.916379769643147,24.810087203979492,21.610500971476238,22.278675715128582,21.46894645690918
2023-07-31 17:15:00+00:00,19.98483657836914,13.898323831614107,22.92096535364787,24.900980631510418,21.637887954711914,22.307956059773762,21.472740809122723
2023-07-31 17:50:00+00:00,19.74139630794525,16.07641543824866,23.035053610801697,24.96175479888916,21.66308879852295,22.32259178161621,21.47841215133667
2023-07-31 18:25:00+00:00,19.021518230438232,7.453701757098315,23.07240088780721,24.97044308980306,21.68166669209798,22.318086624145508,21.485344568888348
2023-07-31 19:00:00+00:00,18.937775194644928,1.01574081944932,23.0915305018425,24.92750597000122,21.692439556121826,22.29361057281494,21.493497371673584
2023-07-31 19:35:00+00:00,18.889946937561035,0.08366917928378825,23.07948589324951,24.845989227294922,21.696413040161133,22.254327138264973,21.502773920694988
2023-07-31 20:10:00+00:00,18.414678871631622,0.07377569964603481,22.99871414899826,24.73145627975464,21.694840908050537,22.205467700958252,21.513039588928223
2023-07-31 20:45:00+00:00,18.317579925060272,0.07228763884927503,23.071551024913788,24.575283527374268,21.688036918640137,22.145305633544922,21.525686264038086
2023-07-31 21:20:00+00:00,18.172972599665325,0.07158938417160243,22.97255317370097,24.42498524983724,21.677897135416668,22.08795674641927,21.53706169128418
2023-07-31 21:55:00+00:00,17.89306918780009,0.07371163465950303,22.87611484527588,24.288307189941406,21.665266672770183,22.034369786580402,21.547004063924152
2023-07-31 22:30:00+00:00,17.763647139072418,0.07479887034287458,22.8451144695282,24.122498035430908,21.645612716674805,21.97222137451172,21.558638095855713
2023-07-31 23:05:00+00:00,17.707684834798176,0.07404649129830432,22.82425284385681,23.954513549804688,21.621673583984375,21.91046396891276,21.569800694783527
2023-07-31 23:40:00+00:00,17.526676952838898,0.0731166455739185,22.787895500659943,23.78592348098755,21.59547710418701,21.847066402435303,21.580444812774658
2023-08-01 00:15:00+00:00,17.072253624598186,0.07306317754455449,22.78397003809611,23.6199525197347,21.56681187947591,21.781827290852863,21.590117772420246
2023-08-01 00:50:00+00:00,16.98970913887024,0.07398649374795241,22.72415727376938,23.455576419830322,21.53323221206665,21.712532997131348,21.5986647605896
2023-08-01 01:25:00+00:00,17.078770399093628,0.07608883460261495,22.738855282465618,23.294528325398762,21.493629455566406,21.640469868977863,21.606102625528973
2023-08-01 02:00:00+00:00,17.093617916107178,0.07622808354506105,22.6729553937912,23.13676643371582,21.452428340911865,21.568862915039062,21.61225461959839
2023-08-01 02:35:00+00:00,17.58680611848831,0.07646318397723917,22.654655277729034,22.962973594665527,21.40598726272583,21.48815107345581,21.617629051208496
2023-08-01 03:10:00+00:00,17.74499535560608,0.0825650142419363,22.6305894056956,22.816443761189777,21.364491780598957,21.41453234354655,21.620898564656574
2023-08-01 03:45:00+00:00,17.61354923248291,0.2656469095591092,22.57993737856547,22.693742116292317,21.328097661336262,21.350018819173176,21.622705459594727
2023-08-01 04:20:00+00:00,17.429899871349335,1.072011723507785,22.5128036737442,22.552616596221924,21.285391330718994,21.275423049926758,21.623900890350342
2023-08-01 04:55:00+00:00,16.91856304804484,5.647677392524201,22.43659019470215,22.414038340250652,21.242191950480144,21.201393763224285,21.624013264973957
2023-08-01 05:30:00+00:00,16.510130167007446,22.834974173514638,22.346934378147125,22.27814245223999,21.197404384613037,21.12636089324951,21.62278985977173
2023-08-01 06:05:00+00:00,16.57806356747945,33.53175234294031,22.30245590209961,22.14500363667806,21.149759928385418,21.048067728678387,21.62012227376302
2023-08-01 06:40:00+00:00,16.659089624881744,119.80117950006388,22.281619608402252,22.015305995941162,21.098946571350098,20.96530771255493,21.615832328796387
2023-08-01 07:15:00+00:00,17.618326544761658,145.4234701412497,22.264875173568726,21.870667457580566,21.04014492034912,20.872358798980713,21.609323501586914
2023-08-01 07:50:00+00:00,16.816404660542805,113.16970909852535,22.231013774871826,21.751784642537434,20.992321650187176,20.804445266723633,21.602389653523762
2023-08-01 08:25:00+00:00,16.93137804667155,385.31642627343535,22.166322867075603,21.661004384358723,20.956497192382812,20.760943094889324,21.59570566813151
2023-08-01 09:00:00+00:00,19.203501641750336,737.4343084897846,22.107208967208862,21.56868076324463,20.91752338409424,20.719231605529785,21.586915969848633
2023-08-01 09:35:00+00:00,19.793672561645508,602.8509737402201,22.067794402440388,21.49270184834798,20.883280436197918,20.70214080810547,21.5770746866862
2023-08-01 10:10:00+00:00,20.48735737800598,498.539418325061,22.015630900859833,21.4555926322937,20.85971212387085,20.72267198562622,21.56599235534668
2023-08-01 10:45:00+00:00,20.222492218017578,582.0977270370349,21.970994472503662,21.474894205729168,20.845265706380207,20.766724904378254,21.553940455118816
2023-08-01 11:20:00+00:00,21.05203688144684,713.3764026453719,21.938867568969727,21.566880226135254,20.83813762664795,20.823481559753418,21.54067039489746
2023-08-01 11:55:00+00:00,21.024587949117024,505.1919259149581,21.924439271291096,21.70938555399577,20.83656183878581,20.88799222310384,21.526471455891926
2023-08-01 12:30:00+00:00,21.075905561447144,322.8639787193388,21.91948264837265,21.90346050262451,20.842179775238037,20.961458683013916,21.511342525482178
2023-08-01 13:05:00+00:00,21.436425745487213,584.9028111055959,21.939398050308228,22.17521572113037,20.854365825653076,21.05365753173828,21.493436336517334
2023-08-01 13:40:00+00:00,21.98282202084859,557.5491711571813,21.96420152982076,22.428232828776043,20.868393580118816,21.133076349894207,21.47760009765625
2023-08-01 14:15:00+00:00,22.342698971430462,625.6175325997174,22.00066367785136,22.640594482421875,20.883861541748047,21.202646255493164,21.464262008666992
2023-08-01 14:50:00+00:00,22.193179726600647,214.61970031354576,22.045607566833496,22.89240598678589,20.9074125289917,21.28594446182251,21.44921112060547
2023-08-01 15:25:00+00:00,20.170467297236126,217.43365350505337,22.058980862299602,23.148311614990234,20.936185201009113,21.3702875773112,21.435034434000652
2023-08-01 16:00:00+00:00,19.40558522939682,165.8697150220396,22.089309692382812,23.38655138015747,20.96669292449951,21.44592571258545,21.42206335067749
2023-08-01 16:35:00+00:00,20.423596302668255,323.50812910683453,22.206951379776,23.589882532755535,20.990371068318684,21.501280466715496,21.410364151000977
2023-08-01 17:10:00+00:00,19.272435903549194,77.68123068840941,22.24427878856659,23.74415922164917,21.00699281692505,21.534005165100098,21.400267124176025
2023-08-01 17:45:00+00:00,17.02029675245285,64.99620533612324,22.282918989658356,23.870317935943604,21.023412227630615,21.55395793914795,21.390690326690674
2023-08-01 18:20:00+00:00,18.06598424911499,50.83593401033431,22.3345688978831,23.93829282124837,21.03045399983724,21.54725710550944,21.383979161580402
2023-08-01 18:55:00+00:00,17.59618043899536,4.911890421019052,22.366270621617634,23.958048502604168,21.030124028523762,21.52344576517741,21.379510243733723
2023-08-01 19:30:00+00:00,17.433815896511078,0.25941038266978467,22.392511069774628,23.93644094467163,21.025968074798584,21.483047008514404,21.375824451446533
2023-08-01 20:05:00+00:00,17.227954864501953,0.07922142771940344,22.407721678415935,23.872804641723633,21.018651326497395,21.429711023966473,21.373367309570312
2023-08-01 20:40:00+00:00,16.61872684955597,0.07919899102284944,22.392172813415527,23.766826629638672,21.00889253616333,21.365676879882812,21.372167110443115
2023-08-01 21:15:00+00:00,16.357359488805134,0.07985479671560824,22.390674750010174,23.63104248046875,20.995248794555664,21.295098622639973,21.371636708577473
2023-08-01 21:50:00+00:00,16.424773335456848,0.07841652965930734,22.358494699001312,23.468512535095215,20.97440004348755,21.21261692047119,21.371685028076172
2023-08-01 22:25:00+00:00,17.02331026395162,0.07767244929846129,22.318008740743,23.289761225382488,20.94788424173991,21.12165705362956,21.372207005818684
2023-08-01 23:00:00+00:00,17.4032461643219,0.07870802051559167,22.2848904132843,23.101344108581543,20.91716957092285,21.027291297912598,21.37291669845581
2023-08-01 23:35:00+00:00,17.359630465507507,0.0782173465069036,22.239683270454407,22.8848237991333,20.881661415100098,20.926814079284668,21.37364435195923
2023-08-02 00:10:00+00:00,17.60460654894511,0.07856037241845115,22.16917594273885,22.701861063639324,20.852373758951824,20.848676681518555,21.3740234375
2023-08-02 00:45:00+00:00,17.68805503845215,0.07855997927117642,22.065833409627277,22.551294962565105,20.82855288187663,20.78801091512044,21.373968760172527
2023-08-02 01:20:00+00:00,17.188211977481842,0.07845254686401404,22.004224061965942,22.38566255569458,20.802034378051758,20.725903034210205,21.37325096130371
2023-08-02 01:55:00+00:00,16.469523509343464,0.07952872910254882,21.952217022577923,22.23228645324707,20.77546755472819,20.67140007019043,21.371632893880207
2023-08-02 02:30:00+00:00,16.516305208206177,0.08074717878093907,21.86336040496826,22.089622974395752,20.74491786956787,20.617655754089355,21.36856174468994
2023-08-02 03:05:00+00:00,16.739081541697185,0.10060991064119662,21.794036229451496,21.954013188680012,20.709481557210285,20.560770670572918,21.364208221435547
2023-08-02 03:40:00+00:00,16.58670872449875,2.3644654878944493,21.704178750514984,21.822582721710205,20.670296669006348,20.503102779388428,21.35811758041382
2023-08-02 04:15:00+00:00,16.549586951732635,7.545558853045804,21.645608246326447,21.676844596862793,20.622738361358643,20.43893051147461,21.348960399627686
2023-08-02 04:50:00+00:00,16.2612787882487,18.655845342145767,21.606740554173786,21.555610020955402,20.581849416097004,20.384138743082683,21.339008331298828
2023-08-02 05:25:00+00:00,15.527837673823038,21.281983868102543,21.52708888053894,21.457125981648762,20.548154830932617,20.338141123453777,21.32921028137207
2023-08-02 06:00:00+00:00,15.127585530281067,48.753168631199514,21.446934044361115,21.347010612487793,20.507305145263672,20.284331798553467,21.316201210021973
2023-08-02 06:35:00+00:00,15.215070247650146,72.03915646579117,21.398531595865887,21.23772684733073,20.459125518798828,20.227415084838867,21.30174954732259
2023-08-02 07:10:00+00:00,15.617707073688507,95.43881705123931,21.370933651924133,21.129080295562744,20.400800228118896,20.16639232635498,21.285645961761475
2023-08-02 07:45:00+00:00,16.024775505065918,86.03048587264493,21.342463493347168,21.0224666595459,20.335955301920574,20.105105717976887,21.26820119222005
2023-08-02 08:20:00+00:00,16.217867732048035,60.975099203700665,21.31276696920395,20.921051025390625,20.269882202148438,20.04856824874878,21.24970006942749
2023-08-02 08:55:00+00:00,16.502872308095295,130.32757148472592,21.286351680755615,20.82667414347331,20.20671844482422,19.99849510192871,21.230281194051106
2023-08-02 09:30:00+00:00,16.900340914726257,106.31743991863914,21.19704157114029,20.740417957305908,20.14754295349121,19.95499849319458,21.21013355255127
2023-08-02 10:05:00+00:00,17.12413400411606,112.45146669982933,21.136523485183716,20.65165138244629,20.086277961730957,19.91540288925171,21.1862530708313
2023-08-02 10:40:00+00:00,17.36013412475586,105.87145532760769,21.06290380160014,20.584360122680664,20.03853480021159,19.887684504191082,21.164462407430012
2023-08-02 11:15:00+00:00,17.692058483759563,162.7862868765369,21.07675592104594,20.534740447998047,20.001710255940754,19.86852200826009,21.144859949747723
2023-08-02 11:50:00+00:00,18.011375963687897,182.89263891940936,21.080256700515747,20.485579013824463,19.963762283325195,19.85143280029297,21.12088680267334
2023-08-02 12:25:00+00:00,18.91371726989746,236.77569761127234,21.141371329625446,20.445992787679035,19.931509653727215,19.842151641845703,21.09616978963216
2023-08-02 13:00:00+00:00,18.97022247314453,162.75911365519278,21.108621060848236,20.419113636016846,19.9066104888916,19.845049381256104,21.07080364227295
2023-08-02 13:35:00+00:00,19.753435452779133,178.58831969462335,21.110812028249104,20.406471888224285,19.890169779459637,19.861530303955078,21.04535738627116
2023-08-02 14:10:00+00:00,19.83804076910019,68.48421969957417,21.126310229301453,20.406616687774658,19.881405353546143,19.88933753967285,21.0197811126709
2023-08-02 14:45:00+00:00,20.385276973247528,51.35983151482651,21.141642034053802,20.416776180267334,19.87913227081299,19.929794788360596,20.990674018859863
2023-08-02 15:20:00+00:00,18.041480779647827,53.00168414739892,21.102173328399658,20.42814064025879,19.88274383544922,19.96775245666504,20.96534538269043
2023-08-02 15:55:00+00:00,18.060115178426106,149.02856397279538,21.104132334391277,20.43482780456543,19.887449264526367,19.998154322306316,20.943708419799805
2023-08-02 16:30:00+00:00,19.632617831230164,284.639398525469,21.094815135002136,20.436331748962402,19.887388706207275,20.01586675643921,20.918500900268555
2023-08-02 17:05:00+00:00,20.985616445541382,168.8283659806475,21.11454725265503,20.431519826253254,19.884673436482746,20.02777099609375,20.893298467000324
2023-08-02 17:40:00+00:00,21.032498478889465,128.0338536920026,21.140806078910828,20.42414140701294,19.885990142822266,20.048065662384033,20.868302822113037
2023-08-02 18:15:00+00:00,20.46635667483012,67.33518769475631,21.139100392659504,20.41742769877116,19.894030888875324,20.078372319539387,20.843738555908203
2023-08-02 18:50:00+00:00,20.531144440174103,11.069368908923934,21.149335503578186,20.41121006011963,19.90695810317993,20.113417625427246,20.81987237930298
2023-08-02 19:25:00+00:00,20.436270236968994,0.3409345405939348,21.15578571955363,20.402201970418293,19.920539220174152,20.142258326212566,20.796733856201172
2023-08-02 20:00:00+00:00,20.103558599948883,0.08724796234116639,21.157832145690918,20.385262489318848,19.933563709259033,20.161964416503906,20.774345874786377
2023-08-02 20:35:00+00:00,19.827586114406586,0.08526391349505502,21.151451468467712,20.354197025299072,19.946811199188232,20.173919677734375,20.749473094940186
2023-08-02 21:10:00+00:00,19.901292721430462,0.08430739928053299,21.133843262990315,20.317935943603516,19.95595105489095,20.174933115641277,20.728253682454426
2023-08-02 21:45:00+00:00,20.09986162185669,0.08573172162141418,21.116102933883667,20.28123728434245,19.962046941121418,20.170443852742512,20.710434595743816
2023-08-02 22:20:00+00:00,19.918873608112335,0.08597532167925692,21.09698921442032,20.23378896713257,19.968457221984863,20.163954734802246,20.690190315246582
2023-08-02 22:55:00+00:00,19.74915385246277,0.08512171430993476,21.10352436701457,20.18353017171224,19.97517267862956,20.15854771931966,20.6705748240153
2023-08-02 23:30:00+00:00,19.846316874027252,0.08601104402350757,21.09383314847946,20.13221263885498,19.981655597686768,20.153179168701172,20.651797771453857
2023-08-03 00:05:00+00:00,19.838121732076008,0.08712652733856885,21.0759433110555,20.080413818359375,19.987171808878582,20.146176020304363,20.633700688680012
2023-08-03 00:40:00+00:00,19.389751255512238,0.08825460283321718,21.06044113636017,20.028135299682617,19.992294311523438,20.13959312438965,20.61642551422119
2023-08-03 01:15:00+00:00,18.33952486515045,0.08849029462442104,21.06539875268936,19.97076654434204,19.99730396270752,20.13188362121582,20.597662925720215
2023-08-03 01:50:00+00:00,17.542637586593628,0.08990746769131874,21.075724760691326,19.923617680867512,19.99823824564616,20.117470423380535,20.582089106241863
2023-08-03 02:25:00+00:00,17.573870420455933,0.08869846337620402,21.08361840248108,19.884756724039715,19.992825190226238,20.092849731445312,20.56927744547526
2023-08-03 03:00:00+00:00,17.165904939174652,0.09584114613642214,21.07695311307907,19.83904504776001,19.97908926010132,20.050734996795654,20.55512285232544
2023-08-03 03:35:00+00:00,16.94095055262248,0.838282056090975,21.07545057932536,19.792057037353516,19.96000607808431,20.00049654642741,20.541648864746094
2023-08-03 04:10:00+00:00,17.066855430603027,7.727775171297253,21.059581339359283,19.745032787322998,19.936606407165527,19.94476318359375,20.52867078781128
2023-08-03 04:45:00+00:00,17.45638370513916,32.30889196274802,21.032714049021404,19.698962529500324,19.91136360168457,19.888037363688152,20.516193389892578
2023-08-03 05:20:00+00:00,17.046296298503876,77.35367589531234,20.98857432603836,19.653308868408203,19.88532018661499,19.83438777923584,20.504063606262207
2023-08-03 05:55:00+00:00,17.179136673609417,122.02855723723769,20.9365181128184,19.60945701599121,19.859028498331707,19.785059611002605,20.49217351277669
2023-08-03 06:30:00+00:00,17.096307575702667,194.43337631388567,20.90811848640442,19.57175922393799,19.831410884857178,19.739965438842773,20.480310440063477
2023-08-03 07:05:00+00:00,16.956101059913635,149.13287317869253,20.872090458869934,19.541495323181152,19.798400402069092,19.69693899154663,20.46677541732788
2023-08-03 07:40:00+00:00,16.641568342844646,233.3708445550874,20.829120477040608,19.530579884847004,19.768850326538086,19.666226704915363,20.45486895243327
2023-08-03 08:15:00+00:00,16.806182463963825,161.99588262755424,20.80036719640096,19.53476079305013,19.74167315165202,19.63925615946452,20.444407780965168
2023-08-03 08:50:00+00:00,16.766164898872375,202.60465998225845,20.766843557357788,19.554215908050537,19.7080979347229,19.608431816101074,20.43203115463257
2023-08-03 09:25:00+00:00,16.799194812774658,234.29986477503553,20.683383146921795,19.58779462178548,19.673595428466797,19.577316284179688,20.419348398844402
2023-08-03 10:00:00+00:00,16.782350540161133,248.38295510527678,20.67877471446991,19.633546352386475,19.639930248260498,19.549723148345947,20.406225204467773
2023-08-03 10:35:00+00:00,17.210711240768433,322.05114613473415,20.673880179723103,19.687397638956707,19.608057657877605,19.528998057047527,20.392751057942707
2023-08-03 11:10:00+00:00,17.551259398460388,379.6508101823274,20.658343732357025,19.75079107284546,19.578958988189697,19.51883363723755,20.378775119781494
2023-08-03 11:45:00+00:00,18.481623828411102,313.76925731264055,20.672079622745514,19.83513116836548,19.549993991851807,19.52624750137329,20.362417221069336
2023-08-03 12:20:00+00:00,18.991239070892334,336.64735844917595,20.65388282140096,19.91830571492513,19.530622482299805,19.5488338470459,20.347848892211914
2023-08-03 12:55:00+00:00,19.2165207862854,209.78770461771637,20.63055952390035,19.999310811360676,19.520142873128254,19.580313364664715,20.33532651265462
2023-08-03 13:30:00+00:00,18.52471351623535,243.6984981810674,20.633153319358826,20.10687494277954,19.5151047706604,19.626689910888672,20.320584297180176
2023-08-03 14:05:00+00:00,19.56246018409729,522.3826502412558,20.623067220052082,20.223174413045246,19.514904657999676,19.672396977742512,20.305716196695965
2023-08-03 14:40:00+00:00,20.422556698322296,606.7615513214841,20.612713396549225,20.335988521575928,19.517414569854736,19.715948581695557,20.29084825515747
2023-08-03 15:15:00+00:00,20.66918134689331,470.6977003980428,20.653680165608723,20.448130289713543,19.525747299194336,19.772104263305664,20.276091893513996
2023-08-03 15:50:00+00:00,20.039169192314148,199.74263504846022,20.68345218896866,20.56578540802002,19.54245948791504,19.84317970275879,20.261614322662354
2023-08-03 16:25:00+00:00,20.63980221748352,390.36918943561614,20.71743329366048,20.679651896158855,19.563817977905273,19.91495132446289,20.247387568155926
2023-08-03 17:00:00+00:00,20.903628766536713,295.412474244833,20.74806660413742,20.783491611480713,19.586720943450928,19.978195667266846,20.233546257019043
2023-08-03 17:35:00+00:00,20.431568920612335,80.43212012154981,20.790345668792725,20.88865900039673,19.61597204208374,20.045871257781982,20.218528270721436
2023-08-03 18:10:00+00:00,19.325146277745564,12.579841647064313,20.83308219909668,20.971587498982746,19.643569310506184,20.09925142923991,20.206154505411785
2023-08-03 18:45:00+00:00,18.074140151341755,3.6152549238031497,20.883320967356365,21.038176854451496,19.666432698567707,20.134442647298176,20.196183522542317
2023-08-03 19:20:00+00:00,17.754359245300293,0.3542737273048715,20.942310690879822,21.10209083557129,19.68831968307495,20.15439510345459,20.18546485900879
2023-08-03 19:55:00+00:00,17.569503386815388,0.09010140287364266,20.99654992421468,21.142130533854168,19.70369529724121,20.15243657430013,20.1757755279541
2023-08-03 20:30:00+00:00,17.301557660102844,0.0875944659679817,21.01795643568039,21.151312351226807,19.7133150100708,20.134130001068115,20.167207717895508
2023-08-03 21:05:00+00:00,17.023071845372517,0.08803491595836022,21.0494867960612,21.13497543334961,19.718987782796223,20.105770746866863,20.1597474416097
2023-08-03 21:40:00+00:00,16.64548933506012,0.08799735838078959,21.066336035728455,21.09548568725586,19.720497608184814,20.068508625030518,20.153389930725098
2023-08-03 22:15:00+00:00,16.528442203998566,0.08786273164901104,21.051732897758484,21.028707027435303,19.716739177703857,20.016565322875977,20.147396087646484
2023-08-03 22:50:00+00:00,16.54398759206136,0.08858234077615634,21.06313427289327,20.954317092895508,19.709418614705402,19.96633466084798,20.14299774169922
2023-08-03 23:25:00+00:00,16.70896331469218,0.0896710223678383,21.05440616607666,20.881680170694988,19.700539271036785,19.922741572062176,20.139742533365887
2023-08-04 00:00:00+00:00,16.632687747478485,0.08842849351094628,21.035811007022858,20.790637493133545,19.687568187713623,19.87063980102539,20.136402130126953
2023-08-04 00:35:00+00:00,16.462390820185345,0.08884083292514333,21.004562775293987,20.697223663330078,19.67312240600586,19.818883260091145,20.133387247721355
2023-08-04 01:10:00+00:00,16.315407752990723,0.08831965068793579,20.97723752260208,20.60414171218872,19.657779216766357,19.76784086227417,20.130696773529053
2023-08-04 01:45:00+00:00,16.101609865824383,0.0897741536346075,20.93705654144287,20.51305325826009,19.64167658487956,19.71662712097168,20.127925872802734
2023-08-04 02:20:00+00:00,15.939397811889648,0.08927216626705103,20.903405249118805,20.424078941345215,19.624529361724854,19.6649808883667,20.124871730804443
2023-08-04 02:55:00+00:00,16.395087242126465,0.08982873994955298,20.849833091100056,20.33626874287923,19.6057612101237,19.61199124654134,20.121449152628582
2023-08-04 03:30:00+00:00,16.45363986492157,0.26573068214486284,20.78677237033844,20.250014305114746,19.586455821990967,19.561492919921875,20.117488861083984
2023-08-04 04:05:00+00:00,15.94593346118927,6.986082813207759,20.703345239162445,20.152942657470703,19.565016746520996,19.510237216949463,20.112127780914307
2023-08-04 04:40:00+00:00,15.289762814839682,13.075858055439312,20.51342248916626,20.067745844523113,19.54565684000651,19.469828287760418,20.106489181518555
2023-08-04 05:15:00+00:00,15.028390487035116,17.66208058060147,20.559308131535847,19.99368731180827,19.52562141418457,19.43713315327962,20.100762049357098
2023-08-04 05:50:00+00:00,14.521194696426392,33.34830388365663,20.51387995481491,19.907524585723877,19.49712896347046,19.399437427520752,20.09267234802246
2023-08-04 06:25:00+00:00,14.854470094045004,49.603842741809785,20.463298956553142,19.820934931437176,19.461388270060223,19.360084533691406,20.083096186319988
2023-08-04 07:00:00+00:00,15.007668435573578,129.0457220992539,20.41341334581375,19.73463487625122,19.417049407958984,19.318284511566162,20.071961879730225
2023-08-04 07:35:00+00:00,15.330741008122763,120.52332247886807,20.425281127293903,19.650651931762695,19.370519638061523,19.279890696207683,20.059682846069336
2023-08-04 08:10:00+00:00,15.280803740024567,59.9084736633813,20.387577712535858,19.574159622192383,19.323692321777344,19.248752117156982,20.04661273956299
2023-08-04 08:45:00+00:00,15.577910542488098,51.464168398291804,20.36589950323105,19.49892282485962,19.270675659179688,19.217342376708984,20.031208992004395
2023-08-04 09:20:00+00:00,15.680000384648642,94.5680013592355,20.321847200393677,19.441608428955078,19.226600011189777,19.189812978108723,20.017250696818035
2023-08-04 09:55:00+00:00,15.414787530899048,134.2589156292379,20.303194920221966,19.3958740234375,19.19032859802246,19.167203267415363,20.004770914713543
2023-08-04 10:30:00+00:00,16.049167215824127,242.84558624122292,20.264398753643036,19.343945026397705,19.14843988418579,19.145630836486816,19.989558219909668
2023-08-04 11:05:00+00:00,16.419610579808552,363.8941271994263,20.230002403259277,19.296049118041992,19.107880274454754,19.135865529378254,19.973758697509766
2023-08-04 11:40:00+00:00,17.36531525850296,446.94938744371757,20.219130516052246,19.258440017700195,19.07141637802124,19.14602279663086,19.9571795463562
2023-08-04 12:15:00+00:00,18.04327090581258,434.347532344982,20.20336111386617,19.237890879313152,19.04031753540039,19.178345998128254,19.940146764119465
2023-08-04 12:50:00+00:00,18.825225234031677,484.82727003190666,20.22241771221161,19.241572380065918,19.017770767211914,19.234543800354004,19.922607421875
2023-08-04 13:25:00+00:00,19.581154187520344,445.6386829353869,20.231329600016277,19.280005137125652,19.0028870900472,19.307078043619793,19.904731114705402
2023-08-04 14:00:00+00:00,19.782761931419373,297.39598632697016,20.240273773670197,19.367314338684082,18.996595859527588,19.388866901397705,19.886549949645996
2023-08-04 14:35:00+00:00,19.98205304145813,227.67898006481119,20.262679159641266,19.521685123443604,18.999244213104248,19.48278522491455,19.86585760116577
2023-08-04 15:10:00+00:00,20.194257497787476,201.4433707287535,20.295201937357586,19.690426508585613,19.00897725423177,19.560335795084637,19.847740809122723
2023-08-04 15:45:00+00:00,20.15665094057719,79.31702836370096,20.33182104428609,19.845718383789062,19.021665573120117,19.620362599690754,19.83239237467448
2023-08-04 16:20:00+00:00,19.45184886455536,90.18317563715391,20.368380546569824,20.025272846221924,19.039803981781006,19.679893493652344,19.81483554840088
2023-08-04 16:55:00+00:00,18.38322401046753,138.36059927009046,20.41467547416687,20.19109280904134,19.0606689453125,19.72684160868327,19.79781977335612
2023-08-04 17:30:00+00:00,18.88155311346054,54.28686015290441,20.471411645412445,20.329258918762207,19.080341815948486,19.760047912597656,19.781585216522217
2023-08-04 18:05:00+00:00,18.430556058883667,29.119608022389002,20.513972838719685,20.438865025838215,19.096337636311848,19.782637278238933,19.7661616007487
2023-08-04 18:40:00+00:00,18.86128008365631,20.52766070152211,20.565657019615173,20.520153999328613,19.109426498413086,19.79439067840576,19.751874923706055
2023-08-04 19:15:00+00:00,18.62513244152069,0.3847727463494266,20.609779357910156,20.58326768875122,19.122198581695557,19.796395301818848,19.736871242523193
2023-08-04 19:50:00+00:00,18.75608483950297,0.09236287117983011,20.6331463654836,20.614260991414387,19.132124582926433,19.79040463765462,19.725017547607422
2023-08-04 20:25:00+00:00,18.331071933110554,0.09247794320299363,20.641191005706787,20.623560587565105,19.140018463134766,19.780725479125977,19.715832392374676
2023-08-04 21:00:00+00:00,18.32967072725296,0.09422997290869262,20.650718808174133,20.616572380065918,19.148513793945312,19.764965534210205,19.70616388320923
2023-08-04 21:35:00+00:00,18.071513573328655,0.09498963446048947,20.614959001541138,20.595242182413738,19.156064987182617,19.745705286661785,19.697535196940105
2023-08-04 22:10:00+00:00,17.212034463882446,0.09480193503077317,20.515545904636383,20.56099796295166,19.162506580352783,19.725353717803955,19.689858436584473
2023-08-04 22:45:00+00:00,16.420786778132122,0.0947942577381582,20.45333703358968,20.51736068725586,19.166481653849285,19.703115463256836,19.682755788167317
2023-08-04 23:20:00+00:00,16.33210152387619,0.09539731726363243,20.387723743915558,20.464519023895264,19.16575860977173,19.67551040649414,19.676044940948486
2023-08-04 23:55:00+00:00,16.0745632648468,0.0955751093820254,20.36483407020569,20.401948928833008,19.15912691752116,19.639533360799152,19.669179280598957
2023-08-05 00:30:00+00:00,15.557354390621185,0.09632552159814622,20.378912687301636,20.32708168029785,19.146394729614258,19.59520959854126,19.662121295928955
2023-08-05 01:05:00+00:00,15.306119322776794,0.09447117859042464,20.423826277256012,20.228257656097412,19.12708854675293,19.538305282592773,19.65360403060913
2023-08-05 01:40:00+00:00,15.144011576970419,0.09444706719568785,20.375123818715412,20.131245930989582,19.107615152994793,19.484505971272785,19.645901362101238
2023-08-05 02:15:00+00:00,14.935538371404013,0.09805688650021693,20.30322273572286,20.040817260742188,19.088807423909504,19.435892740885418,19.63901646931966
2023-08-05 02:50:00+00:00,15.040227472782135,0.0982765051203387,20.331468880176544,19.928186416625977,19.064733505249023,19.3763427734375,19.63085651397705
2023-08-05 03:25:00+00:00,14.82003649075826,0.3238143112957914,20.30543804168701,19.81085459391276,19.03879737854004,19.31355158487956,19.62219492594401
2023-08-05 04:00:00+00:00,14.65930461883545,11.198885355166567,20.285014510154724,19.689200401306152,19.012714385986328,19.249305248260498,19.613113403320312
2023-08-05 04:35:00+00:00,14.993537664413452,57.03945888555609,20.229086478551228,19.56492869059245,18.986793518066406,19.184563954671223,19.603519439697266
2023-08-05 05:10:00+00:00,15.5915167927742,126.58536745375022,20.2161905169487,19.439697265625,18.960486888885498,19.122078895568848,19.59335231781006
2023-08-05 05:45:00+00:00,15.836840569972992,227.4185626648832,20.166745483875275,19.29997205734253,18.93081521987915,19.058775901794434,19.58096742630005
2023-08-05 06:20:00+00:00,16.77116870880127,325.14759839326143,20.14929175376892,19.188888549804688,18.90674082438151,19.016441345214844,19.56953493754069
2023-08-05 06:55:00+00:00,17.169766823450725,411.3295202627778,20.12662609418233,19.112424850463867,18.886995951334637,18.991010030110676,19.559346516927082
2023-08-05 07:30:00+00:00,18.447394371032715,509.227438361384,20.093790888786316,19.057234287261963,18.866779327392578,18.97453498840332,19.54724931716919
2023-08-05 08:05:00+00:00,19.086783329645794,635.9302011989057,20.05531907081604,19.048072179158527,18.851139068603516,18.97218958536784,19.53506024678548
2023-08-05 08:40:00+00:00,18.787888884544373,663.2437584372237,20.051499903202057,19.100694179534912,18.84032392501831,18.986732006072998,19.522984504699707
2023-08-05 09:15:00+00:00,19.20968214670817,635.4342191778123,20.043268998463947,19.216347376505535,18.834285736083984,19.019808451334637,19.510968526204426
2023-08-05 09:50:00+00:00,20.11177361011505,794.7708097463474,20.053317844867706,19.39895486831665,18.834702014923096,19.071056365966797,19.499125957489014
2023-08-05 10:25:00+00:00,20.250087181727093,809.7710228562355,20.04933476448059,19.636327107747395,18.841352462768555,19.13471794128418,19.487407048543293
2023-08-05 11:00:00+00:00,20.686509907245636,596.3809871315025,20.061096251010895,19.93169116973877,18.85582399368286,19.209089279174805,19.47609853744507
2023-08-05 11:35:00+00:00,20.63551664352417,275.7772894660011,20.09949803352356,20.338213443756104,18.88131093978882,19.306469440460205,19.463661670684814
2023-08-05 12:10:00+00:00,20.768202543258667,456.8473398350179,20.12505054473877,20.73981285095215,18.909659067789715,19.397459030151367,19.45362091064453
2023-08-05 12:45:00+00:00,20.899980465571087,406.1554275881499,20.176000595092773,21.088214874267578,18.93745295206706,19.471595128377277,19.44579251607259
2023-08-05 13:20:00+00:00,20.96840411424637,824.3712073210627,20.222739577293396,21.468244075775146,18.974314212799072,19.558003902435303,19.438039779663086
2023-08-05 13:55:00+00:00,21.643667618433636,647.3779565021396,20.26546319325765,21.816390991210938,19.01587740580241,19.64919598897298,19.431971232096355
2023-08-05 14:30:00+00:00,21.95590704679489,467.83163957158104,20.326111912727356,22.150768280029297,19.062148094177246,19.742207527160645,19.428105354309082
2023-08-05 15:05:00+00:00,22.59987513224284,313.6348751708865,20.406124194463093,22.494590123494465,19.11281140645345,19.832881291707356,19.426318486531574
2023-08-05 15:40:00+00:00,22.317427098751068,86.02135926444316,20.47619789838791,22.840237140655518,19.168217182159424,19.9256534576416,19.427133560180664
2023-08-05 16:15:00+00:00,21.70867294073105,34.889116198872216,20.556951761245728,23.19166326522827,19.234878063201904,20.03343105316162,19.431015491485596
2023-08-05 16:50:00+00:00,18.18536639213562,18.50884586374741,20.662829478581745,23.442412694295246,19.29287274678548,20.118308385213215,19.43695640563965
2023-08-05 17:25:00+00:00,17.91182478268941,15.965211931848899,20.69144566853841,23.60814921061198,19.339522043863933,20.174392064412434,19.444169998168945
2023-08-05 18:00:00+00:00,17.842222452163696,13.91309393789561,20.75562447309494,23.731000900268555,19.38394260406494,20.20811367034912,19.45484447479248
2023-08-05 18:35:00+00:00,17.970410188039143,12.793478225619765,20.830843051274616,23.781217575073242,19.418286005655926,20.21990903218587,19.467832565307617
2023-08-05 19:10:00+00:00,17.74574041366577,0.33269787858250766,20.892235338687897,23.769651889801025,19.444873809814453,20.21793794631958,19.48325824737549
2023-08-05 19:45:00+00:00,17.465354204177856,0.0893910097738626,20.931827227274578,23.711310704549152,19.46706771850586,20.205971399943035,19.500601450602215
2023-08-05 20:20:00+00:00,17.42804765701294,0.0885253289609409,20.957727432250977,23.61126470565796,19.484793186187744,20.18454599380493,19.519628524780273
2023-08-05 20:55:00+00:00,17.562410434087116,0.08749995827747625,20.986826419830322,23.485328674316406,19.49840545654297,20.157907485961914,19.539934794108074
2023-08-05 21:30:00+00:00,16.910177171230316,0.08870040071860785,20.996975600719452,23.341059684753418,19.508799076080322,20.128703117370605,19.561151027679443
2023-08-05 22:05:00+00:00,16.325328946113586,0.08734804780863215,20.933539867401123,23.158438682556152,19.516929626464844,20.09108543395996,19.586105823516846
2023-08-05 22:40:00+00:00,15.986070235570272,0.08763878076433684,20.925590594609577,22.983285268147785,19.518312454223633,20.051589330037434,19.608130137125652
2023-08-05 23:15:00+00:00,15.861035585403442,0.08748828180341661,20.915388266245525,22.827740987141926,19.515282313028973,20.010969161987305,19.62680498758952
2023-08-05 23:50:00+00:00,15.933499932289124,0.08627775513468805,20.864987075328827,22.639541149139404,19.506868839263916,19.957608222961426,19.64798402786255
2023-08-06 00:25:00+00:00,16.18469476699829,0.08737569752884156,20.837337970733643,22.44909413655599,19.49455960591634,19.90083185831706,19.668278376261394
2023-08-06 01:00:00+00:00,15.985126495361328,0.08722936319884411,20.84463506937027,22.256803512573242,19.480414390563965,19.84327983856201,19.687376022338867
2023-08-06 01:35:00+00:00,15.784807205200195,0.08844640573761353,20.782523552576702,22.064791361490887,19.464741388956707,19.785526911417644,19.705101013183594
2023-08-06 02:10:00+00:00,15.698274672031403,0.09219327345192596,20.652049481868744,21.871663093566895,19.445232391357422,19.72698974609375,19.721487045288086
2023-08-06 02:45:00+00:00,15.44922560453415,0.09212271498290647,20.705397129058838,21.658101081848145,19.417760372161865,19.657739639282227,19.738464832305908
2023-08-06 03:20:00+00:00,15.222896337509155,0.12062169664613975,20.615958372751873,21.47849400838216,19.391708374023438,19.5935853322347,19.751506169637043
2023-08-06 03:55:00+00:00,14.909538825352987,1.3093143395672087,20.62018632888794,21.330397923787434,19.368537267049152,19.538662592569988,19.761297861735027
2023-08-06 04:30:00+00:00,15.082464814186096,7.082093990626163,20.65305382013321,21.172526836395264,19.3403377532959,19.476182460784912,19.77105951309204
2023-08-06 05:05:00+00:00,15.073066155115763,10.395137408107985,20.634193420410156,21.02290916442871,19.310367584228516,19.41098467508952,19.779417673746746
2023-08-06 05:40:00+00:00,14.954881072044373,25.57792287041957,20.575335323810577,20.87613868713379,19.278062343597412,19.340487003326416,19.786542415618896
2023-08-06 06:15:00+00:00,15.154561599095663,61.61661071679555,20.54764151573181,20.73171869913737,19.24367841084798,19.266629536946613,19.792657216389973
2023-08-06 06:50:00+00:00,14.964715838432312,63.48557624768,20.421375036239624,20.592225551605225,19.207791328430176,19.19283676147461,19.797585487365723
2023-08-06 07:25:00+00:00,15.434155066808065,159.81042158883065,20.394630432128906,20.461403528849285,19.17104212443034,19.122220993041992,19.80126698811849
2023-08-06 08:00:00+00:00,16.028676629066467,284.5626461128704,20.379829108715057,20.346428394317627,19.135238647460938,19.06023645401001,19.80329418182373
2023-08-06 08:35:00+00:00,16.903860569000244,283.5831319440622,20.347034633159637,20.233675003051758,19.0970458984375,19.010536670684814,19.803670406341553
2023-08-06 09:10:00+00:00,17.047229607899983,341.5906817112118,20.296493371327717,20.162363052368164,19.067898432413738,18.988861083984375,19.80259386698405
2023-08-06 09:45:00+00:00,16.998848517735798,235.13520844839513,20.25603969891866,20.130842844645183,19.047601064046223,18.985397974650066,19.800612767537434
2023-08-06 10:20:00+00:00,16.555112302303314,264.707412925316,20.219379365444183,20.130599975585938,19.02849054336548,18.992828369140625,19.796995639801025
2023-08-06 10:55:00+00:00,16.74556056658427,238.32614689227194,20.183512767155964,20.160600662231445,19.011229197184246,19.000359217325848,19.792168935139973
2023-08-06 11:30:00+00:00,17.07888811826706,247.4791499886196,20.164130330085754,20.21034049987793,18.99398183822632,19.005393981933594,19.785937309265137
2023-08-06 12:05:00+00:00,17.29616443316142,238.6110726390034,20.1042644182841,20.270167032877605,18.977481842041016,19.012860616048176,19.77853775024414
2023-08-06 12:40:00+00:00,16.916811168193817,227.68813211400993,20.087574124336243,20.33535623550415,18.962882041931152,19.025050163269043,19.770010471343994
2023-08-06 13:15:00+00:00,16.389560401439667,198.11328848311678,20.106334686279297,20.411842346191406,18.94883441925049,19.041367053985596,19.758930683135986
2023-08-06 13:50:00+00:00,16.691850821177166,168.90935222245753,20.09963313738505,20.4770933787028,18.936953862508137,19.050087610880535,19.74834632873535
2023-08-06 14:25:00+00:00,16.587127447128296,146.63685193285346,20.09122888247172,20.526671091715496,18.92593510945638,19.051232655843098,19.738784790039062
2023-08-06 15:00:00+00:00,16.632473170757294,170.2589395204559,20.082488358020782,20.57208776473999,18.91304302215576,19.048301696777344,19.727235317230225
2023-08-06 15:35:00+00:00,16.957971652348835,124.09262166637927,20.073840220769245,20.606177647908527,18.90047264099121,19.043292999267578,19.715399424235027
2023-08-06 16:10:00+00:00,16.81393951177597,124.68644472956657,20.09092390537262,20.626620292663574,18.888655185699463,19.039072513580322,19.703280448913574
2023-08-06 16:45:00+00:00,16.160860856374104,61.78547519445419,20.09086529413859,20.634418487548828,18.877353032430012,19.034186681111652,19.69103749593099
2023-08-06 17:20:00+00:00,15.965035259723663,50.79745100776199,20.112462043762207,20.631078720092773,18.866154193878174,19.025219440460205,19.67862558364868
2023-08-06 17:55:00+00:00,16.06592059135437,49.51350875082426,20.1083771387736,20.61912790934245,18.853564580281574,19.006173451741535,19.666215260823567
2023-08-06 18:30:00+00:00,15.835371315479279,8.398631459076569,20.079016387462616,20.59589672088623,18.838517665863037,18.97788095474243,19.653887271881104
2023-08-06 19:05:00+00:00,15.032358169555664,0.5952679252891357,20.06600022315979,20.55730104446411,18.818646907806396,18.938114643096924,19.63990592956543
2023-08-06 19:40:00+00:00,14.646922747294107,0.09939277254579792,20.055166085561115,20.512945810953777,18.798176447550457,18.89411226908366,19.62752914428711
2023-08-06 20:15:00+00:00,14.224117199579874,0.09969495646191717,20.02768635749817,20.464386622111004,18.776793162027996,18.847371419270832,19.61693827311198
2023-08-06 20:50:00+00:00,13.652264773845673,0.10031457895445328,20.007477402687073,20.39367389678955,18.746578693389893,18.783863067626953,19.604376792907715
2023-08-06 21:25:00+00:00,13.423529465993246,0.1008996274204037,19.96817111968994,20.307737986246746,18.711946487426758,18.71268590291341,19.591798782348633
2023-08-06 22:00:00+00:00,13.404823541641235,0.1020331190647994,19.93947297334671,20.205272674560547,18.6726713180542,18.634453296661377,19.57909870147705
2023-08-06 22:35:00+00:00,13.612343072891235,0.10239822183393699,19.8966912428538,20.088246663411457,18.629697799682617,18.552710851033527,19.566216150919598
2023-08-06 23:10:00+00:00,13.754032254219055,0.10370235359255275,19.85448569059372,19.958837509155273,18.58427906036377,18.470200061798096,19.553041458129883
2023-08-06 23:45:00+00:00,13.67174208164215,0.10415159479282465,19.79492425918579,19.804015159606934,18.53177833557129,18.377050399780273,19.53739070892334
2023-08-07 00:20:00+00:00,13.560167153676352,0.10402920640808588,19.7298002243042,19.66875712076823,18.4871883392334,18.297610600789387,19.52320098876953
2023-08-07 00:55:00+00:00,13.485554059346518,0.10189567259340038,19.678808450698853,19.55568504333496,18.45041847229004,18.23089027404785,19.51036008199056
2023-08-07 01:30:00+00:00,13.399937450885773,0.10287403323752642,19.620260298252106,19.428685665130615,18.40816640853882,18.153808116912842,19.494740962982178
2023-08-07 02:05:00+00:00,13.187872568766275,0.10371796699973856,19.552788337071735,19.306385676066082,18.365609486897785,18.0757999420166,19.478211720784504
2023-08-07 02:40:00+00:00,12.852406203746796,0.10478063370862856,19.492168426513672,19.188990116119385,18.322606086730957,17.997127532958984,19.460604667663574
2023-08-07 03:15:00+00:00,13.00651748975118,0.11082594304616578,19.419601758321125,19.07567596435547,18.279016494750977,17.916605631510418,19.44205093383789
2023-08-07 03:50:00+00:00,13.2549849152565,0.851440903962839,19.363242089748383,18.965653896331787,18.234013080596924,17.833511352539062,19.422467708587646
2023-08-07 04:25:00+00:00,13.39021643002828,5.8232000726420665,19.29551084836324,18.857770919799805,18.187958399454754,17.751928329467773,19.401814778645832
2023-08-07 05:00:00+00:00,13.47897320985794,26.027904563583434,19.237389862537384,18.7522931098938,18.142146110534668,17.676137924194336,19.380149364471436
2023-08-07 05:35:00+00:00,13.570393323898315,74.86553548753727,19.160437285900116,18.635338306427002,18.090842723846436,17.596048831939697,19.35419273376465
2023-08-07 06:10:00+00:00,13.66889993349711,69.18982742819935,19.091782172520954,18.53745460510254,18.047101974487305,17.53262710571289,19.330427169799805
2023-08-07 06:45:00+00:00,13.628942966461182,68.29054689500481,19.03401533762614,18.459891001383465,18.010281880696613,17.483761469523113,19.30924924214681
2023-08-07 07:20:00+00:00,13.82265955209732,61.427667701093014,18.97763729095459,18.380534172058105,17.968177318572998,17.432260513305664,19.28368043899536
2023-08-07 07:55:00+00:00,14.098343451817831,103.60281397076324,18.90972375869751,18.31237856547038,17.92711130777995,17.385663986206055,19.25710678100586
2023-08-07 08:30:00+00:00,14.417162239551544,187.2518626113888,18.859229683876038,18.251593112945557,17.886507511138916,17.34420394897461,19.229766845703125
2023-08-07 09:05:00+00:00,14.165074825286865,153.87089821882546,18.80145788192749,18.1905460357666,17.846283594767254,17.309872309366863,19.201595942179363
2023-08-07 09:40:00+00:00,14.15213018655777,180.17110867635347,18.743022978305817,18.13345193862915,17.807772159576416,17.28624725341797,19.172523021697998
2023-08-07 10:15:00+00:00,14.107435643672943,123.53432485868689,18.69927614927292,18.075998783111572,17.764592170715332,17.266428470611572,19.138423442840576
2023-08-07 10:50:00+00:00,14.183355569839478,169.7071013711393,18.653334379196167,18.0281499226888,17.727692286173504,17.25363032023112,19.107885996500652
2023-08-07 11:25:00+00:00,15.04858652750651,158.37701207678765,18.62157702445984,17.98744010925293,17.697729110717773,17.243064880371094,19.081053415934246
2023-08-07 12:00:00+00:00,16.289272606372833,209.72568561765365,18.601986467838287,17.94062614440918,17.666335582733154,17.23401641845703,19.049054622650146
2023-08-07 12:35:00+00:00,17.584374745686848,361.29574144631624,18.588484525680542,17.89833132425944,17.639907836914062,17.233177185058594,19.016582489013672
2023-08-07 13:10:00+00:00,18.525770008563995,474.6138783534989,18.55988472700119,17.863373279571533,17.62081003189087,17.249677181243896,18.98375701904297
2023-08-07 13:45:00+00:00,19.04951850573222,364.99673889018595,18.5189954439799,17.841284434000652,17.610763549804688,17.29211362202962,18.95100212097168
2023-08-07 14:20:00+00:00,19.22906905412674,452.47351468820125,18.51117432117462,17.85462999343872,17.611356258392334,17.36257028579712,18.9180850982666
2023-08-07 14:55:00+00:00,19.876274665196735,381.92659850232303,18.521228631337483,17.91463279724121,17.6197992960612,17.444927215576172,18.885112126668293
2023-08-07 15:30:00+00:00,20.259700417518616,514.652053845115,18.54167550802231,18.015791416168213,17.635621547698975,17.53253412246704,18.852259159088135
2023-08-07 16:05:00+00:00,20.306151807308197,358.060981863644,18.574253916740417,18.152072429656982,17.662150859832764,17.63536834716797,18.815144062042236
2023-08-07 16:40:00+00:00,20.507664680480957,286.05890103802085,18.599634567896526,18.271175384521484,17.691946665445965,17.727786382039387,18.783161163330078
2023-08-07 17:15:00+00:00,19.934669335683186,91.89588256459683,18.638067642847698,18.365432103474934,17.72083282470703,17.805010477701824,18.756413141886394
2023-08-07 17:50:00+00:00,19.524003267288208,63.76363935536938,18.68399351835251,18.460739135742188,17.756725788116455,17.885555744171143,18.726284503936768
2023-08-07 18:25:00+00:00,19.2031196753184,18.909257242048625,18.730653524398804,18.540752410888672,17.79157066345215,17.952836990356445,18.69736162821452
2023-08-07 19:00:00+00:00,18.38334321975708,1.317876351151881,18.79423975944519,18.60432767868042,17.823148727416992,18.00464153289795,18.670067310333252
2023-08-07 19:35:00+00:00,17.754955291748047,0.11795648356201127,18.849411805470783,18.652259190877277,17.851455688476562,18.04276402791341,18.644446055094402
2023-08-07 20:10:00+00:00,17.15910255908966,0.11024023715060594,18.891745507717133,18.68149471282959,17.875447273254395,18.06766414642334,18.620798587799072
2023-08-07 20:45:00+00:00,16.836355328559875,0.1101321838983722,18.953182995319366,18.693993091583252,17.897714614868164,18.082468509674072,18.596128463745117
2023-08-07 21:20:00+00:00,16.41525149345398,0.10911111107907345,18.991791407267254,18.687409083048504,17.9127680460612,18.083584467569988,18.57662073771159
2023-08-07 21:55:00+00:00,15.729947090148926,0.10866892086596636,19.00745153427124,18.66914431254069,17.9225648244222,18.076435089111328,18.561569213867188
2023-08-07 22:30:00+00:00,15.091046392917633,0.10901837637356948,19.033719301223755,18.635094165802002,17.930076122283936,18.057783603668213,18.545697689056396
2023-08-07 23:05:00+00:00,15.009785890579224,0.1077481961583544,19.050615231196087,18.588818232218426,17.932820638020832,18.027006149291992,18.531469980875652
2023-08-07 23:40:00+00:00,14.960826635360718,0.10707693813958485,19.050958454608917,18.529316902160645,17.930265426635742,17.98540735244751,18.51885461807251
2023-08-08 00:15:00+00:00,14.282259543736776,0.10738827419663721,19.045848846435547,18.460238138834637,17.924236297607422,17.939021428426106,18.507429758707683
2023-08-08 00:50:00+00:00,13.65469366312027,0.10755117695407534,19.03574436903,18.383609771728516,17.914960384368896,17.888060569763184,18.49718141555786
2023-08-08 01:25:00+00:00,13.184002240498861,0.10829653831979158,19.028879404067993,18.30041567484538,17.90191396077474,17.830040613810223,18.487849553426106
2023-08-08 02:00:00+00:00,12.957299947738647,0.10620285871800661,19.01060163974762,18.20950222015381,17.883903980255127,17.761620044708252,18.479217052459717
2023-08-08 02:35:00+00:00,12.606158554553986,0.10783312252215183,18.964834213256836,18.097145080566406,17.856688022613525,17.671459674835205,18.47003173828125
2023-08-08 03:10:00+00:00,12.670134703318277,0.13439978969836375,18.920013507207234,17.992153803507488,17.827374776204426,17.58632214864095,18.462381998697918
2023-08-08 03:45:00+00:00,13.1622842947642,2.470581454512285,18.89127214749654,17.897518157958984,17.798075993855793,17.510263442993164,18.45585060119629
2023-08-08 04:20:00+00:00,12.670118808746338,32.35522078706708,18.840637505054474,17.78237533569336,17.76139259338379,17.420801162719727,18.44818639755249
2023-08-08 04:55:00+00:00,12.412962516148886,83.13630128209479,18.77657691637675,17.66445541381836,17.724233627319336,17.33363914489746,18.44036801656087
2023-08-08 05:30:00+00:00,13.445883691310883,177.70517825894058,18.74742180109024,17.54614496231079,17.685080528259277,17.247652530670166,18.432004928588867
2023-08-08 06:05:00+00:00,14.298315048217773,259.688626633957,18.68314464886983,17.43082046508789,17.643665949503582,17.16670036315918,18.423070271809895
2023-08-08 06:40:00+00:00,15.253491401672363,327.7536656500306,18.60353171825409,17.330018043518066,17.604434490203857,17.101263523101807,18.413384914398193
2023-08-08 07:15:00+00:00,16.073944866657257,429.09323622845113,18.563656210899353,17.248759269714355,17.56678056716919,17.053936004638672,18.401462078094482
2023-08-08 07:50:00+00:00,16.914937098821003,363.65366001427174,18.497678836186726,17.218997319539387,17.542264302571613,17.04126040140788,18.39007314046224
2023-08-08 08:25:00+00:00,17.35645254453023,398.5688082240522,18.43629201253255,17.23517354329427,17.528088251749676,17.05444272359212,18.379641850789387
2023-08-08 09:00:00+00:00,17.905637323856354,575.1351960171014,18.330938816070557,17.30274200439453,17.518934726715088,17.099377155303955,18.366593837738037
2023-08-08 09:35:00+00:00,18.616490761439007,736.7968767620623,18.344731330871582,17.409533818562824,17.517255783081055,17.16982142130534,18.352576573689777
2023-08-08 10:10:00+00:00,19.341842532157898,677.5723515925929,18.36650788784027,17.556950092315674,17.525062084197998,17.26498508453369,18.337836265563965
2023-08-08 10:45:00+00:00,19.652540683746338,587.7194336447865,18.374634981155396,17.752789815266926,17.54222234090169,17.379451115926106,18.32270113627116
2023-08-08 11:20:00+00:00,20.00517964363098,577.5732911881059,18.402908444404602,18.00750494003296,17.568097591400146,17.511181831359863,18.307355880737305
2023-08-08 11:55:00+00:00,20.336456298828125,578.7350467666984,18.42610756556193,18.30340830485026,17.600794474283855,17.65629768371582,18.29229164123535
2023-08-08 12:30:00+00:00,20.695155560970306,535.4757637227885,18.502017557621002,18.62754201889038,17.640371322631836,17.813794136047363,18.277743816375732
2023-08-08 13:05:00+00:00,20.767698884010315,386.1307730167173,18.574018478393555,19.012592315673828,17.69290018081665,18.00086545944214,18.262271881103516
2023-08-08 13:40:00+00:00,20.814141829808552,286.78595664538443,18.679194847742718,19.351274490356445,17.744762420654297,18.163530349731445,18.24996058146159
2023-08-08 14:15:00+00:00,20.785138209660847,210.16335016395897,18.75945250193278,19.632565180460613,17.792856852213543,18.296960194905598,18.24070421854655
2023-08-08 14:50:00+00:00,20.343813002109528,90.7509230762953,18.874644935131073,19.937714099884033,17.85099744796753,18.4398455619812,18.23168134689331
2023-08-08 15:25:00+00:00,20.033992528915405,131.76336741819978,18.99042248725891,20.210495630900066,17.909587224324543,18.56294314066569,18.224770228068035
2023-08-08 16:00:00+00:00,20.024181604385376,122.89219353580847,19.115096032619476,20.439287185668945,17.966931343078613,18.661101818084717,18.22036123275757
2023-08-08 16:35:00+00:00,19.9603013197581,73.24332358420361,19.23059145609538,20.625219345092773,18.022349675496418,18.743670145670574,18.218515396118164
2023-08-08 17:10:00+00:00,19.741537868976593,34.36238775443053,19.327632784843445,20.771581172943115,18.075864791870117,18.813950538635254,18.21937131881714
2023-08-08 17:45:00+00:00,19.647296965122223,20.06206891234615,19.40548986196518,20.897881031036377,18.134233951568604,18.880308151245117,18.223563194274902
2023-08-08 18:20:00+00:00,19.452449878056843,13.383057255239692,19.47800040245056,20.97647539774577,18.181511561075848,18.925175348917644,18.229938507080078
2023-08-08 18:55:00+00:00,19.141194423039753,1.2363648755035683,19.5419979095459,21.021424611409504,18.219237009684246,18.955088933308918,18.237316131591797
2023-08-08 19:30:00+00:00,18.76324236392975,0.1148520381519802,19.596725404262543,21.04885244369507,18.259960174560547,18.981801986694336,18.248018264770508
2023-08-08 20:05:00+00:00,18.422686258951824,0.10337668021884383,19.638994534810383,21.054070154825848,18.297082901000977,19.000160217285156,18.260590235392254
2023-08-08 20:40:00+00:00,18.382854461669922,0.1042710673352758,19.704425036907196,21.036159992218018,18.32968759536743,19.009453773498535,18.274994373321533
2023-08-08 21:15:00+00:00,17.220176458358765,0.10534764108297168,19.729267756144207,20.993438084920246,18.35829798380534,19.011369705200195,18.29085922241211
2023-08-08 21:50:00+00:00,16.38252854347229,0.102791172535035,19.76210594177246,20.927733421325684,18.382817268371582,19.007641315460205,18.308059692382812
2023-08-08 22:25:00+00:00,15.381009578704834,0.10090094227962254,19.761241674423218,20.843528747558594,18.402103424072266,18.998470306396484,18.326236089070637
2023-08-08 23:00:00+00:00,15.130345225334167,0.10121129383037442,19.775706231594086,20.743862628936768,18.412396907806396,18.9809250831604,18.345468044281006
2023-08-08 23:35:00+00:00,14.8599174618721,0.10123579837238594,19.792493879795074,20.619086265563965,18.41477108001709,18.95199489593506,18.368199348449707
2023-08-09 00:10:00+00:00,15.046412944793701,0.10105997253640453,19.817142883936565,20.50499661763509,18.410113016764324,18.919728597005207,18.388381322224934
2023-08-09 00:45:00+00:00,15.215789477030436,0.10213369269013128,19.78508949279785,20.403086980183918,18.40250587463379,18.887062072753906,18.4056339263916
2023-08-09 01:20:00+00:00,15.475977659225464,0.10246071095514253,19.811866879463196,20.281997203826904,18.391963005065918,18.84516191482544,18.425467014312744
2023-08-09 01:55:00+00:00,16.223777532577515,0.10193569061766539,19.827055136362713,20.163352966308594,18.38132095336914,18.799183527628582,18.444753646850586
2023-08-09 02:30:00+00:00,16.744881570339203,0.10260025694219621,19.815036356449127,20.044084548950195,18.370731353759766,18.750977039337158,18.46332550048828
2023-08-09 03:05:00+00:00,17.339292367299397,0.10468671683111097,19.81529712677002,19.926211675008137,18.36149533589681,18.705864588419598,18.481147130330402
2023-08-09 03:40:00+00:00,17.5393608212471,0.7250651343817935,19.803483486175537,19.810307025909424,18.355042457580566,18.66730499267578,18.498109340667725
2023-08-09 04:15:00+00:00,17.561118006706238,9.05958934687078,19.75900501012802,19.678401470184326,18.350942134857178,18.632484436035156,18.516399383544922
2023-08-09 04:50:00+00:00,17.698505719502766,34.196228689164855,19.716718991597492,19.562459309895832,18.34940020243327,18.60853894551595,18.531395594278973
2023-08-09 05:25:00+00:00,17.608824570973713,46.55007097078487,19.691371122996014,19.463826497395832,18.348992029825848,18.591672897338867,18.543280283610027
2023-08-09 06:00:00+00:00,17.59569764137268,45.98299338470679,19.690108001232147,19.352996826171875,18.34965229034424,18.5762939453125,18.556110382080078
2023-08-09 06:35:00+00:00,17.674089670181274,97.7588794156909,19.667636553446453,19.24886957804362,18.35100746154785,18.564948399861652,18.56781260172526
2023-08-09 07:10:00+00:00,18.04609715938568,109.34501025849022,19.662072956562042,19.157066822052002,18.352928638458252,18.557886123657227,18.57840919494629
2023-08-09 07:45:00+00:00,18.25180172920227,147.8331804284826,19.65848724047343,19.082114537556965,18.355969111124676,18.55814043680827,18.587940216064453
2023-08-09 08:20:00+00:00,18.77537339925766,196.58945551724173,19.65171068906784,19.03154420852661,18.36113166809082,18.567811012268066,18.5963077545166
2023-08-09 08:55:00+00:00,18.76747727394104,167.01845207903534,19.627357721328735,19.004858652750652,18.368554433186848,18.587646484375,18.603798548380535
2023-08-09 09:30:00+00:00,18.453591763973236,423.1948143267073,19.6043860912323,19.00499153137207,18.378742218017578,18.62110185623169,18.610350608825684
2023-08-09 10:05:00+00:00,20.071777403354645,613.1159049645066,19.64238554239273,19.032312870025635,18.392635345458984,18.67146396636963,18.61695146560669
2023-08-09 10:40:00+00:00,19.97132221857707,552.8060120679438,19.68491792678833,19.077603658040363,18.40860366821289,18.739843368530273,18.62200355529785
2023-08-09 11:15:00+00:00,18.872278134028118,488.02617066912353,19.685168266296387,19.148866017659504,18.428738911946613,18.82464345296224,18.625991821289062
2023-08-09 11:50:00+00:00,18.95845502614975,712.7948315190151,19.708808958530426,19.289068698883057,18.459500789642334,18.941471576690674,18.630547523498535
2023-08-09 12:25:00+00:00,19.433404207229614,558.195146586746,19.7441569964091,19.482432047526043,18.48988215128581,19.05400848388672,18.635014216105144
2023-08-09 13:00:00+00:00,20.127755105495453,397.8664779108949,19.815160036087036,19.721551418304443,18.519347190856934,19.164363384246826,18.639450073242188
2023-08-09 13:35:00+00:00,20.145586331685383,263.81081963237375,19.87580180168152,19.996469497680664,18.550609588623047,19.275897979736328,18.64388656616211
2023-08-09 14:10:00+00:00,20.671274960041046,172.0683144084178,19.93818700313568,20.292104244232178,18.58567523956299,19.37833261489868,18.64853525161743
2023-08-09 14:45:00+00:00,20.11616349220276,154.057197327842,20.030849874019623,20.621721744537354,18.628522872924805,19.47416114807129,18.65432357788086
2023-08-09 15:20:00+00:00,20.76443950335185,476.9742884617299,20.086867809295654,20.882458368937176,18.666016896565754,19.540129979451496,18.659983952840168
2023-08-09 15:55:00+00:00,20.872941811879475,305.3928778320551,20.15215277671814,21.074259440104168,18.697394053141277,19.588539759318035,18.665355046590168
2023-08-09 16:30:00+00:00,20.41617900133133,149.3755064830184,20.18654763698578,21.263134002685547,18.73527240753174,19.64910078048706,18.672544956207275
2023-08-09 17:05:00+00:00,20.22357702255249,154.189674470108,20.208300352096558,21.426238377888996,18.77505048116048,19.70850435892741,18.68070348103841
2023-08-09 17:40:00+00:00,19.776087701320648,54.7321720951586,20.278760492801666,21.561880588531494,18.814908504486084,19.756215572357178,18.68997097015381
2023-08-09 18:15:00+00:00,19.674431482950848,27.226704470347613,20.33044417699178,21.66998291015625,18.85284678141276,19.79045804341634,18.70049540201823
2023-08-09 18:50:00+00:00,19.074722826480865,4.591544533610431,20.351721048355103,21.746670722961426,18.8873348236084,19.810980796813965,18.712173461914062
2023-08-09 19:25:00+00:00,18.80233605702718,0.16293154237109775,20.40108362833659,21.79500389099121,18.91824213663737,19.819677988688152,18.72493044535319
2023-08-09 20:00:00+00:00,18.573294281959534,0.09490802090851957,20.437116622924805,21.811182022094727,18.944658279418945,19.814764499664307,18.73869276046753
2023-08-09 20:35:00+00:00,18.417845368385315,0.0955669734175899,20.470398366451263,21.79315185546875,18.970238208770752,19.797358512878418,18.755558490753174
2023-08-09 21:10:00+00:00,18.305187622706097,0.09405854376973366,20.480302174886067,21.748931248982746,18.98894437154134,19.773672739664715,18.77116584777832
2023-08-09 21:45:00+00:00,18.029871781667072,0.09471316674444097,20.487279891967773,21.692355473836262,19.00232442220052,19.748375574747723,18.785151799519856
2023-08-09 22:20:00+00:00,17.29389101266861,0.09310691659425174,20.46771466732025,21.608779907226562,19.015345573425293,19.713809967041016,18.80190658569336
2023-08-09 22:55:00+00:00,15.503928263982138,0.09177345823309224,20.49106280008952,21.510772069295246,19.025375366210938,19.6732660929362,18.818950653076172
2023-08-09 23:30:00+00:00,15.268690586090088,0.0928618760884774,20.423039495944977,21.39930534362793,19.03014087677002,19.622084617614746,18.83598041534424
2023-08-10 00:05:00+00:00,14.598678747812906,0.09150250113134462,20.354665517807007,21.27703030904134,19.0283940633138,19.55938212076823,18.852767944335938
2023-08-10 00:40:00+00:00,14.247940182685852,0.09120690953056965,20.335942208766937,21.1443190574646,19.02039670944214,19.48737907409668,18.86889362335205
2023-08-10 01:15:00+00:00,14.39229667186737,0.0919593540996857,20.290192663669586,20.982852458953857,19.005262851715088,19.397478103637695,18.88608169555664
2023-08-10 01:50:00+00:00,14.566474358240763,0.09304649095020068,20.272055466969807,20.834294001261394,18.986674626668293,19.31526056925456,18.899742762247723
2023-08-10 02:25:00+00:00,13.537133932113647,0.09286410556114788,20.229765971501667,20.702688852945965,18.967618942260742,19.24691390991211,18.910411198933918
2023-08-10 03:00:00+00:00,13.609298765659332,0.09612653501937984,20.21902620792389,20.546724796295166,18.939903259277344,19.171352863311768,18.921671390533447
2023-08-10 03:35:00+00:00,14.429739316304525,0.6507895703634858,20.19504229227702,20.39176368713379,18.906226476033527,19.098722457885742,18.93145688374837
2023-08-10 04:10:00+00:00,14.545052945613861,10.087174314416188,20.146454572677612,20.23798942565918,18.871079444885254,19.02891778945923,18.93983745574951
2023-08-10 04:45:00+00:00,14.878025849660238,32.41941436333582,20.09499390920003,20.085491180419922,18.83660825093587,18.961339950561523,18.94708251953125
2023-08-10 05:20:00+00:00,15.240388810634613,60.153949370083865,20.05059540271759,19.93640899658203,18.80372142791748,18.89916229248047,18.95326042175293
2023-08-10 05:55:00+00:00,15.705405871073404,106.23414441710338,20.026885668436687,19.7952938079834,18.772724151611328,18.84559694925944,18.958363850911457
2023-08-10 06:30:00+00:00,16.431709825992584,177.6076659928076,20.000110268592834,19.668842315673828,18.743624210357666,18.803783416748047,18.962360382080078
2023-08-10 07:05:00+00:00,17.656263411045074,398.8069784506224,19.96047616004944,19.547494888305664,18.71388578414917,18.77370548248291,18.965674877166748
2023-08-10 07:40:00+00:00,19.24397865931193,558.8218159340322,19.937381347020466,19.46742312113444,18.69230779012044,18.77187983194987,18.967629114786785
2023-08-10 08:15:00+00:00,19.85305666923523,476.5128390993923,19.918584028879803,19.428003311157227,18.678450266520183,18.78883171081543,18.968554814656574
2023-08-10 08:50:00+00:00,21.16296410560608,603.6679037231952,19.897409975528717,19.434924125671387,18.66929292678833,18.826377868652344,18.968892574310303
2023-08-10 09:25:00+00:00,21.39387845993042,725.2839388288558,19.900613228480022,19.50583267211914,18.666954040527344,18.89745330810547,18.968486150105793
2023-08-10 10:00:00+00:00,21.6746386885643,773.1266830712557,19.901339411735535,19.644179821014404,18.67189884185791,18.99433994293213,18.967469215393066
2023-08-10 10:35:00+00:00,22.636055151621502,806.6017478406429,19.91756280263265,19.846694310506184,18.683285395304363,19.08528010050456,18.966032028198242
2023-08-10 11:10:00+00:00,22.173137664794922,824.3081494336948,19.934540688991547,20.124316692352295,18.701568126678467,19.168673992156982,18.964181423187256
2023-08-10 11:45:00+00:00,22.93564796447754,813.6557546211407,19.957677721977234,20.52352523803711,18.732470989227295,19.263390064239502,18.96185064315796
2023-08-10 12:20:00+00:00,23.470293680826824,793.7656007297337,20.000594059626263,20.935693105061848,18.769140879313152,19.350502014160156,18.95993487040202
2023-08-10 12:55:00+00:00,24.147376616795857,763.224648937583,20.034507115681965,21.327739715576172,18.80719566345215,19.428855895996094,18.95857111612956
2023-08-10 13:30:00+00:00,23.893591463565826,718.2015991648659,20.090205669403076,21.811391830444336,18.857250690460205,19.523000717163086,18.95771884918213
2023-08-10 14:05:00+00:00,24.404892524083454,658.5383929274976,20.149075190226238,22.303523381551106,18.911043167114258,19.618762969970703,18.958049138387043
2023-08-10 14:40:00+00:00,24.736241698265076,584.1872033877298,20.209128856658936,22.796649932861328,18.967984199523926,19.716567039489746,18.96016263961792
2023-08-10 15:15:00+00:00,24.670508702596027,502.24706844985485,20.290377934773762,23.27979024251302,19.02737808227539,19.814990361531574,18.964401245117188
2023-08-10 15:50:00+00:00,25.010156333446503,409.6246804744005,20.35792738199234,23.715450763702393,19.09049081802368,19.911943912506104,18.97127676010132
2023-08-10 16:25:00+00:00,24.951755205790203,311.65500869974494,20.434539715449016,24.074750900268555,19.158972422281902,20.00639279683431,18.980754216512043
2023-08-10 17:00:00+00:00,25.056966841220856,216.43572788243182,20.523971021175385,24.341309070587158,19.231462955474854,20.09603261947632,18.993391513824463
2023-08-10 17:35:00+00:00,24.967300593852997,117.64762985869311,20.611115992069244,24.550508975982666,19.316267490386963,20.190677642822266,19.01131296157837
2023-08-10 18:10:00+00:00,24.311567544937134,44.00227477995213,20.684823592503864,24.665254592895508,19.390296936035156,20.26540184020996,19.03019905090332
2023-08-10 18:45:00+00:00,23.748955329259235,4.991801291456795,20.743842124938965,24.725906372070312,19.45295015970866,20.322526931762695,19.0486577351888
2023-08-10 19:20:00+00:00,23.000889718532562,0.22503883839738137,20.810769200325012,24.764002323150635,19.521885871887207,20.376920223236084,19.072757720947266
2023-08-10 19:55:00+00:00,22.764564752578735,0.0911831257585618,20.879452625910442,24.770591735839844,19.583321889241535,20.416170120239258,19.099128087361652
2023-08-10 20:30:00+00:00,22.321234345436096,0.08991832347044237,20.93156099319458,24.74290370941162,19.636028289794922,20.43976068496704,19.127588272094727
2023-08-10 21:05:00+00:00,19.993054072062176,0.088590738838775,20.980909665425617,24.686779657999676,19.682267506917317,20.452009836832683,19.15772310892741
2023-08-10 21:40:00+00:00,20.288639962673187,0.0869907178887388,21.022161543369293,24.60382843017578,19.722559928894043,20.454776763916016,19.189456462860107
2023-08-10 22:15:00+00:00,19.611270427703857,0.08504593462669163,21.069648563861847,24.483420848846436,19.76047134399414,20.44648313522339,19.227187156677246
2023-08-10 22:50:00+00:00,18.849089940388996,0.08385654890662408,21.093892256418865,24.359129587809246,19.78753153483073,20.430915196736652,19.26131248474121
2023-08-10 23:25:00+00:00,18.415531714757282,0.08318408141394684,21.081891854604084,24.240341822306316,19.80687967936198,20.41266695658366,19.291130701700848
2023-08-11 00:00:00+00:00,17.62171357870102,0.08448637630112898,21.048804819583893,24.090285301208496,19.824994564056396,20.386657238006592,19.326271533966064
2023-08-11 00:35:00+00:00,16.9769020875295,0.0852293077982722,21.082585255304974,23.931267420450848,19.837528864542644,20.35577964782715,19.36125119527181
2023-08-11 01:10:00+00:00,17.451601922512054,0.08491308197199032,21.092076301574707,23.76451301574707,19.84303045272827,20.31715154647827,19.39576482772827
2023-08-11 01:45:00+00:00,17.330468893051147,0.08511724990421499,21.04975899060567,23.59228769938151,19.844263076782227,20.272096633911133,19.429489135742188
2023-08-11 02:20:00+00:00,16.94279432296753,0.08382200818834917,21.00930780172348,23.41542387008667,19.843038082122803,20.225043296813965,19.46211290359497
2023-08-11 02:55:00+00:00,15.960575342178345,0.0844857177794438,21.007787386576336,23.235984166463215,19.839277903238933,20.17708460489909,19.49363072713216
2023-08-11 03:30:00+00:00,15.697364211082458,0.5402530628870181,20.978076457977295,23.054758548736572,19.831177711486816,20.125789642333984,19.52371597290039
2023-08-11 04:05:00+00:00,15.994226634502411,20.59896949211543,20.940358638763428,22.846426010131836,19.815988540649414,20.05864381790161,19.55586338043213
2023-08-11 04:40:00+00:00,16.56584660212199,69.53717140294611,20.8946696917216,22.663450876871746,19.800106684366863,19.997975667317707,19.581804275512695
2023-08-11 05:15:00+00:00,15.87810238202413,116.72787239821628,20.86476008097331,22.507239023844402,19.785471598307293,19.94964536031087,19.60247802734375
2023-08-11 05:50:00+00:00,15.921973884105682,200.45845747715794,20.866183638572693,22.328947067260742,19.765617847442627,19.90084171295166,19.6249361038208
2023-08-11 06:25:00+00:00,16.38551672299703,295.0719339195639,20.861849387486775,22.160581588745117,19.742760340372723,19.861658096313477,19.645519892374676
2023-08-11 07:00:00+00:00,17.419139742851257,393.54048407496884,20.86243450641632,22.01275396347046,19.71857452392578,19.836020946502686,19.664251804351807
2023-08-11 07:35:00+00:00,19.158732096354168,487.711073577404,20.859004259109497,21.895272572835285,19.696292241414387,19.826653798421223,19.681658426920574
2023-08-11 08:10:00+00:00,21.887820661067963,575.3361250972375,20.862544775009155,21.824684143066406,19.680187225341797,19.836945056915283,19.697604656219482
2023-08-11 08:45:00+00:00,23.082768619060516,658.8722727438435,20.855059921741486,21.812920570373535,19.672529697418213,19.870550632476807,19.714481353759766
2023-08-11 09:20:00+00:00,23.313984473546345,716.2468314953148,20.852880875269573,21.871273676554363,19.676501592000324,19.916958491007488,19.728183110555012
2023-08-11 09:55:00+00:00,23.557028373082478,754.3888687938452,20.86110234260559,21.977942148844402,19.688300450642902,19.96772066752116,19.739168167114258
2023-08-11 10:30:00+00:00,24.79932278394699,784.9026865046471,20.878867506980896,22.171088218688965,19.712241172790527,20.038913249969482,19.751102447509766
2023-08-11 11:05:00+00:00,25.606367190678913,804.262902751565,20.903087854385376,22.431499481201172,19.74616305033366,20.123175303141277,19.762455622355144
2023-08-11 11:40:00+00:00,26.063763797283173,808.0996287530288,20.963033735752106,22.76046848297119,19.79129981994629,20.221041202545166,19.77340269088745
2023-08-11 12:15:00+00:00,26.848086913426716,775.0480766259134,21.017123460769653,23.144062042236328,19.850011825561523,20.330942153930664,19.784308751424152
2023-08-11 12:50:00+00:00,27.25547969341278,761.4972868775949,21.06782764196396,23.576794147491455,19.921759605407715,20.453246116638184,19.79555654525757
2023-08-11 13:25:00+00:00,27.88279374440511,713.5355883613229,21.142215728759766,24.039897918701172,20.002628326416016,20.584901809692383,19.807652791341145
2023-08-11 14:00:00+00:00,28.270519971847534,593.1718854932114,21.226089894771576,24.51712417602539,20.0927152633667,20.723735332489014,19.821078777313232
2023-08-11 14:35:00+00:00,28.567865192890167,568.0036696800962,21.33371353149414,25.065156936645508,20.205870628356934,20.890297889709473,19.838656902313232
2023-08-11 15:10:00+00:00,28.872900406519573,490.5884313248098,21.435716946919758,25.534642537434895,20.313066482543945,21.043020248413086,19.8564510345459
2023-08-11 15:45:00+00:00,28.804145455360413,270.48798206448555,21.516300439834595,25.848889350891113,20.39420986175537,21.15513515472412,19.870832443237305
